Mean,,Variance
0.9985291842,,6.49E+11
0.9792089912,,5719131747
0.0000002467641682,,90248270982
0.9875861189,,0
0.6508306398,,1.49E+11
0.8988279649,,97782292220
0.09905099645,,1.19E+13
0.9739615849,,6.27E+12
0.9927161283,,1.81E+12
0,,0
0,,0
0.05855403279,,68359146959
0.0000000112074674,,0
0.9962905817,,0
0.3428948905,,1.14E+11
0.4577268745,,0
0.8422017785,,3.64E+11
0.9926661389,,0
0.1790712242,,2.94E+12
0.9824069288,,0
0.9967032507,,4.17E+12
0.6131751671,,0
0.9930845654,,2.69E+11
0.3756577841,,0
0.3908578103,,4.74E+11
0.0009270388367,,1.05E+11
0.004139020574,,5.78E+12
0.999999242,,0
0.9544590248,,4.10E+11
0.8894517478,,3.32E+12
0.07052135556,,1.53E+12
0.9673159606,,0
0.0001908209988,,5.05E+11
0.7136126443,,64028900293
0,,1.58E+11
0,,0
0.9777269255,,0
0.002240969383,,9.29E+12
0.8996621002,,2.09E+11
0.9750076027,,32372399249
0.9926432084,,0
0.9817302021,,0
0.9974519927,,5.96E+11
0.9905224184,,13312079959
0.9923128759,,1.47E+11
0.9966420672,,2.23E+11
0.04832711359,,1.02E+11
0.9543624955,,76392515041
0.9981347542,,0
0.9808159608,,52095406490
0.9144105546,,8.80E+11
0.9900347405,,1.18E+11
0.9961275199,,6.05E+11
0.9931378307,,0
0.9923682277,,6031479947
0.9701990957,,1.46E+12
0.003543579505,,2.49E+11
0.9950530263,,1.17E+11
0.9995156505,,59667706047
0.9227643711,,6.18E+11
0.9698198689,,41342900920
0.9999991837,,3.57E+11
0.9975964566,,21072739024
0.9921426195,,67947585294
0.861670596,,7861461198
0.9285207052,,5.75E+11
0.9927532322,,2.17E+11
0.9943227227,,8.28E+11
0.2360396042,,2.52E+11
0.9813473897,,1.24E+12
0.8774326629,,0
0.9233123117,,0
0.8847315849,,9550961487
0.3851156277,,1.33E+12
0.8179924973,,9.88E+11
0.8777137219,,0
0.9665227707,,7.10E+11
0.5314664183,,2547776100
0.982136774,,0
0.5973605148,,0
0.8973929087,,0
0.4034530529,,0
0.9973248617,,1.17E+11
0.2536347676,,2.23E+11
0.9980699893,,0
0.5815773234,,0
0.913221057,,12774258799
0.8395318462,,8.62E+11
0.3511186454,,1.70E+12
0.6234410464,,6.34E+12
0.6556382476,,42743441681
0.590768403,,0
0.9591990919,,1.28E+11
0.8293230266,,0
0.5050132003,,2.83E+11
0.990068091,,17574103.69
0.9982016555,,3.55E+11
0.988967129,,1.23E+11
0.9828965068,,1.18E+11
0.999995767,,3.86E+12
0.9957712985,,7425018593
0.9999074298,,1.17E+11
0.3941567692,,0
0.2066596637,,1.13E+12
0.9991047135,,1.77E+12
0.9534617347,,0
0.3935670311,,2.35E+12
0.9999996285,,1.42E+12
0.9831011805,,5.07E+11
0.2159290787,,3.61E+12
0.9909820365,,1.24E+11
0.9949877474,,1.54E+12
0.9979061035,,2.70E+11
0.9514556685,,23778833807
0.9970770667,,2.25E+11
0.00000378164175,,0
0.3298523427,,2.98E+12
0.9937011759,,2.74E+11
0.1414038405,,30889342675
0.968085967,,7.17E+11
0.9967638035,,3.21E+11
0.9234299641,,99718271524
0.9892137594,,5.93E+12
0.7531866591,,6.46E+11
0.8876061173,,2.87E+11
0.9639026724,,2.13E+11
0.8687527207,,5.51E+11
0.1676357852,,4.17E+12
0.995523654,,1.12E+11
0.01532978164,,1.32E+11
0.9848256092,,1.40E+12
0.04149333338,,1.38E+12
0.9540150705,,2.34E+12
0.2066199402,,7.98E+11
0.998246963,,0
0.2509632371,,59283234731
0.4123195049,,9.29E+12
0.9446005899,,1.94E+12
0.9113572251,,6.92E+11
0.8011657117,,1.07E+12
0.9886065636,,8.96E+12
0.3424967715,,31977935372
0.9562278399,,7.89E+11
0.9541423946,,3.02E+12
0.9945035891,,2.84E+11
0.8379646187,,1.30E+12
0.4070658966,,1.64E+12
0.9265878175,,97030801452
0.9968734036,,1.04E+12
0.000006094675428,,5.61E+11
0.9952653362,,4.20E+12
0.8653216546,,2.16E+11
0.956202252,,2.89E+11
0.002240969383,,5.17E+11
0.00000003521354019,,6.85E+11
0.09406367867,,7.33E+11
0.8240580497,,0
0.8879623528,,8.22E+11
0.8428594935,,1.62E+12
0.9999995441,,35680658343
0.7467907531,,1.05E+13
0.8209965487,,2.98E+12
0.01989342531,,0
0.1014987426,,0
0.4577268745,,1.15E+12
0.9827801228,,6.05E+12
0.7040527007,,2.99E+12
0.5276091894,,5.85E+12
0.9152394642,,2.04E+12
0.9999995168,,1.86E+12
0.7450455088,,0
0.2066596637,,0
0.9232453674,,0
0.2756749264,,9.15E+11
0.6856203037,,3.12E+11
0.647548023,,7.08E+12
0.04206707666,,2.66E+11
0.9381182803,,2.71E+11
0.9847343902,,0
0.6609114424,,1.34E+13
0.8692903352,,1.81E+12
0.9826183627,,1.00E+12
0.8371664355,,1.30E+11
0.6495255343,,40820416718
0.9568790124,,2.11E+12
0.01233553243,,7191124800
0.9646902156,,2.17E+12
0.09433009508,,2.32E+11
0.4528849269,,2.10E+11
0.9217023544,,89349845294
0.4759409812,,4.25E+11
0.7074200832,,0
0.9104964464,,1.45E+13
0.8275767304,,1.04E+12
0.8343592606,,1.06E+12
0.9999997886,,0
0.006705573551,,1.59E+11
0.9847343902,,2.89E+11
0.9943561532,,1.24E+11
0.878485064,,41149572752
0.9932373817,,2.52E+11
0.9938756791,,58376217271
0.9685147242,,1.31E+12
0.9766066701,,6.51E+11
0.9005906823,,1.47E+12
0.9578772286,,0
0.01371422986,,7.67E+11
0.9535100264,,1.91E+11
0.5462117836,,3.00E+12
0.9650750458,,42694263442
0.2781176494,,1.63E+11
0.86701727,,2.02E+12
0.9826805672,,7.72E+11
0.873590329,,3.82E+11
0.7880163315,,8.62E+11
0.999997567,,1.96E+11
0.9055609292,,4.11E+11
0.00000005016120638,,2.78E+11
0.9635380135,,1.65E+11
0.5749257899,,4.47E+12
0.9234299641,,9.31E+11
0.8068925874,,2.13E+11
0.9328853155,,1.66E+12
0.894617212,,0
0.5937916811,,0
0.9368565581,,6.36E+11
0.9976376732,,3.62E+11
0.9878134272,,1.58E+12
0.9991448152,,3.22E+11
0.9734423777,,7.17E+11
0.9921789302,,0
0.08241065308,,2.00E+12
0.9739034623,,1.18E+12
0.8289585786,,1.01E+12
0.3052101681,,82777878519
0.999989529,,9.89E+11
0.9920231398,,6.59E+11
0.3505526532,,0
0.8293230266,,0
0.8252685315,,1.02E+11
0.9348090068,,51356892515
0.840925356,,0
0.7425645647,,2.73E+11
0.9931909925,,5.67E+11
0.9999922874,,67182255875
0.9709380103,,6.57E+11
0.7538294043,,26670482721
0.6762109959,,2.52E+11
0.1562821466,,1.00E+12
0.0004713640884,,8.86E+11
0.5157876664,,2.99E+12
0.3842412828,,2.68E+11
0.6371717966,,4.48E+11
0.3228884553,,0
0.99999622,,6.36E+11
0.9218336491,,5.28E+11
0.686757789,,7.77E+12
0.3454181902,,6.42E+12
0.9641107834,,4.43E+12
0.1089875288,,1.24E+12
0.6154885842,,6.94E+11
0.7329833972,,2.83E+11
0.5427353483,,5.79E+12
0.9541423946,,4.24E+12
0.7555963041,,1.07E+12
0.8860090095,,4.40E+12
0.694054207,,3.47E+11
0.6559388488,,14878658730
0.06398261541,,0
0.9504789087,,4.49E+12
0.8752406389,,5.82E+12
0.8179924973,,1.36E+12
0.0130519565,,6.41E+12
0.9730716229,,6.58E+12
0.9383273292,,1.10E+12
0.9993701606,,1.40E+12
0.6069916854,,4.64E+12
0.9540748262,,6.18E+11
0.4214616504,,0
0.4446487657,,2.93E+12
0.0000002327779288,,84622519100
0.8892932774,,1.06E+12
0.8593574122,,1.19E+13
0.9333176204,,1.65E+12
0.01936109974,,2.87E+11
0.4202295658,,1110916
0.03986760764,,3.51E+11
0.732233696,,2.06E+11
0.4348884317,,884556822.3
0.0000000001016250464,,6.21E+11
0.4607594394,,7.40E+11
0.0728335664,,0
0.4887031082,,2.51E+12
0.4908832916,,1.27E+13
0.878485064,,0
0.9999654379,,3.43E+12
0.9483622375,,0
0.01479049157,,1.48E+11
0.9659816068,,55766320420
0.09586133046,,0
0.005603594298,,15572668890
0.8845363623,,0
0.9709380103,,3.49E+11
0.9324432159,,5.42E+11
0.970329911,,9.67E+12
0.914026408,,0
0.8497388986,,0
0.001457493528,,5.34E+11
0.9903678457,,36017281954
0.9967500673,,4.11E+12
0.9759575668,,1.42E+11
0.9999654379,,1.72E+12
0.008263130831,,2.44E+11
0.8797153606,,0
0.3267419208,,8.27E+11
0.1532214097,,0
0.9941863912,,99718271524
0.9995926123,,3.82E+12
0.4328375646,,8.34E+11
0.9928573133,,83768205031
0.9785597703,,3.22E+11
0.8710287188,,7.48E+11
0.07142513095,,698122084
0.7531866591,,51356892515
0.9077646819,,1.58E+12
0.7886841047,,0
0.2582497748,,0
0.06041869837,,4.53E+12
0.98401158,,90248270982
0.996158748,,1.79E+12
0.9794675699,,3.83E+11
0.9999999875,,1.73E+12
0.9967748165,,23198207152
0.4744480396,,0
0.01380695052,,1.31E+11
0.9926565131,,76615437240
0.9979363187,,0
0.246688812,,2.30E+12
0.01443991214,,32952253956
0.9826894633,,2.74E+12
0.8760909891,,21484342680
0.9999989895,,5.37E+12
0.9906569566,,2.88E+11
0.9353732398,,4.73E+11
0.9915777102,,3.08E+11
0.9087361871,,9.51E+12
0.9789574062,,51134847465
0.9967149998,,32372399249
0.9865653232,,1.90E+12
0.9934210783,,0
0.3176064256,,0
0.497566496,,2.68E+11
0.9999993989,,41570087481
0.5742035564,,1.29E+11
0.981611349,,225
0.9783589917,,0
0.9739615849,,3.83E+12
0.4353683054,,4.70E+11
0.9987629394,,6.84E+12
0.999996953,,16715041052
0.9974519927,,2.03E+11
0.5118325309,,9500251744
0.9829313192,,2.08E+13
0.820839368,,54927532154
0.3270507423,,1.40E+12
0.9671671855,,1.24E+12
0.9967950926,,6.13E+11
0.9999994463,,64796043941
0.9971054901,,6.98E+11
0.7733540627,,5.82E+12
0.2950669568,,0
0.05457848016,,3.99E+11
0.9242528522,,1.07E+13
0.9999997022,,0
0.9681803025,,2.23E+11
0.9999999001,,1.90E+13
0.07985109957,,0
0.7062375238,,6.93E+11
0.8134175462,,3.41E+12
0.00001754412049,,56644
0.9777775215,,1.56E+12
0.5427353483,,0
0.9999986374,,2.17E+12
0.4604805983,,0
0.3499057277,,7.98E+11
0.9587709275,,3.52E+11
0.9928920174,,0
0.996868007,,469910.25
0.7333410051,,1.24E+12
0.6531100524,,8.84E+12
0.9777817401,,8.33E+11
0.05403858536,,6.22E+11
0.8563757352,,50186950513
0.9999974943,,6.90E+12
0.6882629665,,3.77E+13
0.3949897711,,36017281954
0.006705573551,,2.69E+11
0.9967500673,,0
0.871278178,,0
0.852763404,,4.25E+11
0.999999539,,0
0.0006157621584,,41330177704
0.00000058632385,,3.40E+12
0.8914075001,,3.06E+11
0.9939364189,,1.61E+12
0.9999994463,,2576025
0.7425645647,,33586037791
0.7144693286,,0
0.5348328072,,44019577300
0.9987591293,,15289853553
0.9970375428,,7.43E+12
0.9861747067,,2.34E+12
0.9916273625,,6.13E+11
0.9999981547,,2.15E+13
0.001980828621,,72033373883
0.9799567875,,0
0.8994001322,,0
0.9999974943,,5.10E+11
0.04206707666,,7.30E+11
0.9920914827,,84953551603
0.9766845942,,5.87E+12
0.0352482383,,77693683746
0.9984349645,,1.69E+11
0.9949696053,,1.66E+12
0.1628001096,,1.28E+11
0.5414558884,,0
0.2536347676,,7983725542
0.9951585422,,6.86E+11
0.9467920778,,1.22E+11
0.999520461,,60063444057
0.999998231,,1.83E+11
0.948318374,,9.29E+12
0.9993898375,,17836328531
0.4769210268,,7.24E+11
0.9932159643,,170576.1875
0.9967638035,,3.42E+12
0.9986884162,,1.01E+12
0.8166089011,,63618919733
0.9831641035,,0
0.9368565581,,0
0.9974992009,,1.62E+13
0.2582497748,,75361314689
0.1470544489,,7.77E+12
0.7552670356,,0
0.914189028,,4.29E+11
0.0001673538301,,1.19E+13
0.900064898,,0
0.9930130008,,4.25E+11
0.9985145735,,6.57E+12
0.6725847856,,0
0.516348416,,69548347066
0.007388448902,,86650754619
0.8104607719,,1.25E+12
0.9938438948,,0
0.1405142402,,17963531537
0.1613897957,,38630642926
0.7040527007,,1.45E+11
0.9266096737,,19141603888
0.01936109974,,45761171825
0.0143890237,,0
0.9960224679,,1.86E+12
0.9977108697,,2.66E+12
0.9979296347,,34133540027
0.6834716022,,6.84E+11
0.109050183,,83804426078
0.7918603568,,82303359703
0.7037117564,,6.87E+12
0.6492343699,,0
0.2205750192,,1.52E+12
0.975364112,,0
0.1764871891,,9.20E+11
0.9999991493,,3.61E+11
0.3756577841,,6.09E+12
0.4355367253,,1.11E+12
0.9717405253,,4.10E+12
0.9933653875,,1.94E+12
0.00000378164175,,1.20E+12
0.07017994101,,1.24E+12
0.9709286256,,1.26E+13
0.03786388863,,1.78E+11
0.0004242982181,,3.07E+11
0.00000005016120638,,1.00E+13
0.9918374582,,0
0.01648568177,,1.19E+13
0.8440738481,,4.47E+12
0.9225773502,,6.86E+11
0.5325801226,,3.83E+12
0.04812273987,,1.37E+12
0.6942420565,,0
0.3176064256,,0
0.9080437485,,0
0.9734423777,,8.17E+11
0.7886543522,,1.93E+11
0.9537230064,,8.38E+12
0.2695977907,,60063444057
0.9952501452,,1.11E+12
0.9994768817,,3.65E+11
0.998169077,,2.44E+12
0.9920262805,,1.33E+11
0.9974864858,,0
0.5399368858,,3.97E+12
0.9804661773,,0
0.0000004468557532,,57386287069
0.9999973753,,1.14E+13
0.1399218747,,1016595143
0.9587709275,,2.44E+12
0.8946003183,,1.15E+12
0.00000003521354019,,2.08E+12
0.0130519565,,52887284855
0.9333045096,,6.22E+11
0.6510019579,,3.17E+13
0.0005330680255,,1.41E+12
0.9899573657,,7.77E+11
0.9244698966,,0
0.000000005848681011,,2.95E+12
0.0166224188,,3.20E+13
0.9898062259,,3.03E+12
0.1247214444,,9.39E+12
0.9921769624,,72340882056
0.9873383404,,0
0.9974002232,,2.25E+11
0.1753551129,,1.86E+12
0.3152532701,,97790858789
0.1790712242,,6.38E+12
0.08187604568,,2.01E+11
0.6834716022,,0
0.5976231582,,2.37E+11
0.0000000004303986025,,5.85E+12
0.01649118584,,76282434528
0.1916767599,,0
0.9909820365,,1.41E+13
0.9926289637,,1.55E+11
0.933142896,,82777878519
0.9367591646,,40999752472
0.9953495131,,0
0.9951585422,,0
0.0003328258718,,83768205031
0.5462117836,,1.36E+13
0.9999976635,,1.19E+13
0.9992932478,,1.35E+11
0.9941863912,,2.25E+11
0.1999725803,,1.65E+12
0.9866977386,,1.17E+11
0.000002875294902,,2.55E+11
0.997619824,,9.31E+11
0.9229504834,,6578314767
0.7395904989,,7.61E+11
0.1876507041,,5.21E+12
0.002910516068,,0
0.9040609031,,2.69E+11
0.987312634,,1.40E+12
0.006039178487,,2.19E+12
0.9386282785,,1.83E+11
0.000001551044752,,4.10E+12
0.7350984168,,2.03E+11
0.9669726865,,1.69E+12
0.9692936858,,3.48E+11
0.9457505702,,9.02E+11
0.6548124579,,0
0.9527904829,,0
0.7255936796,,3.01E+11
0.9581300662,,5.84E+11
0.996868007,,1.53E+13
0.9987821667,,4.61E+13
0.7467907531,,1.28E+11
0.4214616504,,1.63E+11
0.8110569319,,8.78E+11
0.3274273714,,7644616922
0.7795453074,,4.09E+12
0.437195925,,3.41E+11
0.6619742823,,50186950513
0.5739998666,,2.05E+12
0.9665227707,,1.47E+11
0.9873383404,,1.83E+12
0,,0
0.2201349457,,5.62E+12
0.003671854123,,0
0.602885098,,3.26E+12
0.9696657191,,3.57E+11
0.9999962763,,4.90E+12
0.0001061406035,,0
0.2205750192,,9.80E+11
0.9667432829,,1.58E+12
0.9437488439,,3.45E+11
0.9022549461,,2.37E+11
0.9514556685,,2.04E+12
0.8916398539,,9.45E+11
0.01819624192,,1.46E+11
0.9654122197,,0
0.6459827846,,4.67E+11
0.948318374,,0
0.8674876504,,3.22E+11
0.8888893634,,4.83E+12
0.873590329,,0
0.9826765667,,6585890562
0.9928573133,,3.16E+12
0,,3.22E+11
0.4795920891,,0
0.4822695293,,7.85E+12
0.8368192481,,5.34E+11
0.1495760003,,8.19E+11
0.4705016474,,75361314689
0.7538294043,,7.23E+11
0.9146687475,,486203386.2
0.9999995168,,88762482928
0.8228850249,,76824358799
0.9948435959,,1.09E+12
0.01731500322,,7.71E+11
0.9873017771,,1.20E+13
0.9944674994,,1.60E+12
0.992964261,,0
0.9999208817,,0
0.9500637118,,2.26E+11
0.3861091419,,0
0.4604805983,,2.05E+12
0.4910008717,,4.61E+12
0.000006094675428,,3.85E+12
0.9394088379,,0
0.8722769142,,3.82E+12
0.5178299015,,3.77E+12
0.9899573657,,0
0.02139243511,,2.86E+11
0.9924556499,,0
0.437195925,,6.46E+11
0.9967478427,,3.51E+11
0.003577289809,,1.77E+12
0.894531067,,1.47E+11
0.0000007516932865,,1.35E+11
0.9831011805,,3.16E+12
0.9961108975,,1.81E+12
0.5859410074,,82139728661
0.9760257853,,0
0.4822695293,,6.57E+11
0.9949696053,,92887972922
0.9005906823,,4.53E+12
0.7540697652,,4.69E+12
0.3267419208,,0
0.9954402977,,16715041052
0.9963023727,,0
0.9669815877,,2.61E+11
0.9979363187,,2.47E+12
0.9977514563,,23976357236
0.9994750829,,1.13E+11
0.09697557274,,33716604462
0.9921136975,,62959809392
0.614334255,,0
0.232170711,,29213585079
0.9892174236,,5.13E+11
0.6077283317,,2.83E+11
0.9946240806,,6770029392
0.9686907559,,1.58E+11
0.9586503013,,4.69E+12
0.9973361122,,6.44E+11
0.9558877859,,41342900920
0.9973600315,,1.58E+12
0.9941363848,,0
0.9995251322,,0
0.992710029,,1.95E+11
0.8408293569,,69710146240
0.01254199865,,1.91E+11
0.9801406182,,0
0.3879650384,,3.45E+12
0.999999067,,1.38E+13
0.9979355874,,1.03E+11
0.9966420672,,25811947762
0.7253511531,,4.68E+12
0.9958285889,,33207100319
0.9999992373,,7.73E+11
0.5763858753,,6.04E+11
0.9969521025,,33250507097
0.9924388972,,2.12E+12
0.9764612186,,2.03E+11
0.9803705547,,0
0.8678342204,,3.55E+11
0.9855397245,,0
0.2172043309,,97562326683
0.9906569566,,0
0.9420778574,,2.39E+11
0.9918661191,,4.26E+11
0.8564771351,,7.24E+11
0.9946240806,,1.88E+11
0.9970221168,,0
0.808221483,,7.30E+12
0.3316347481,,1.96E+11
0.5047692787,,0
0.9791569611,,37769839663
0.999996692,,2.32E+11
0.9999984235,,71009584869
0.9615616228,,5.72E+11
0.9895975907,,3.49E+12
0.974517951,,3.86E+12
0.8481648184,,3.57E+11
0.9921815777,,9.38E+11
0.9899652137,,0
0.9949663135,,3.90E+12
0.3861091419,,2.56E+11
0.9999973753,,4.05E+11
0.9999982307,,43239472661
0.9581300662,,4.75E+12
0.9989864196,,56406.25
0.9920832718,,4.88E+12
0.9941272554,,0
0.9808159608,,1.46E+11
0.2060460218,,2.01E+12
0.9999976585,,1.03E+11
0.9536875435,,1.21E+11
0.9861410852,,7.34E+12
0.6853996184,,2.13E+11
0.9931535197,,5.85E+11
0.8994001322,,1.33E+11
0.9999997886,,3.51E+11
0.9930837839,,0
0.9849223405,,3.47E+11
0.9602333427,,58376217271
0.9939616749,,2.40E+11
0.002273133549,,1.79E+11
0.7743807895,,36978310067
0.9399109945,,1.53E+11
0.9004458169,,7.51E+11
0.9999922874,,6.12E+11
0.8879638181,,63560227538
0.9995251322,,6.13E+11
0.8994749671,,0
0.9768920409,,2.81E+11
0.7723532856,,6.55E+12
0.9734976252,,5.67E+11
0.5300118961,,7.23E+11
0.8999781207,,8372524502
0.9956222543,,74877348296
0.9945035891,,3.58E+11
0.8860090095,,1.08E+12
0.9882045466,,1.40E+11
0.8646952961,,9.48E+12
0.9978656924,,4.38E+11
0.9394088379,,5.19E+12
0.9974571987,,6.43E+11
0.7051604614,,5.01E+12
0.5968431717,,5.04E+12
0.9333045096,,0
0.9770010908,,1.05E+12
0.9962252964,,3.44E+12
0.3720117581,,52263903769
0.9871954583,,6.73E+11
0.8110569319,,4.49E+11
0.9882113231,,7425018593
0.0201356781,,2.62E+11
0.8193348169,,0
0.0143890237,,2.01E+12
0.9969135229,,1.15E+12
0.4632765049,,8.78E+11
0.8478070902,,97030801452
0.9991047135,,1.04E+12
0.9810729896,,6770029392
0.1614642816,,3.22E+11
0.9547380134,,0
0.9766845942,,3.67E+11
0.9932373817,,0
0.9960637963,,2.44E+12
0.9527678608,,1.34E+13
0.008263130831,,1.60E+12
0.9778794909,,1.24E+12
0.6621680595,,3.60E+11
0.9651796273,,6.25E+11
0.9999976255,,2.29E+12
0.9087361871,,57225011020
0.9712193964,,50929904361
0.02894882841,,1.22E+11
0.9994738491,,1.10E+12
0.9586503013,,6.64E+11
0.9312613773,,1.47E+11
0.02215422168,,1.30E+13
0.9819893566,,4.01E+11
0.974517951,,7861461198
0.9798297707,,3.48E+12
0.9493280642,,0
0.967286423,,6.41E+11
0.8434947184,,2.99E+11
0.970922327,,1.46E+11
0.961739331,,0
0.9089142278,,3.57E+12
0.9609652108,,2.27E+12
0.9961275199,,7.73E+11
0.5065200918,,5.85E+11
0.9893427897,,3.53E+11
0.2759969525,,1.05E+12
0.9403158053,,7.65E+11
0.9905354095,,1.02E+11
0.9841994787,,1.31E+11
0.9935962646,,0
0.9610658646,,1.13E+12
0.9967149998,,2.08E+12
0.9987627956,,16078992289
0.9973600315,,55251304026
0.9842793376,,2.55E+11
0.9554989755,,1.85E+11
0.9652177343,,6.41E+11
0.9342562973,,7.58E+11
0.9921815777,,6.08E+11
0.8203649448,,3.05E+11
0.8434947184,,1.18E+12
0.9981702552,,2.23E+11
0.9159075557,,7.60E+12
0.989934707,,4.19E+11
0.9886065636,,2.18E+11
0.9857527575,,2.94E+11
0.9989338115,,61394825335
0.9602365066,,0
0.8614673622,,1.13E+11
0.9999994802,,2.39E+11
0.9987640881,,84062384239
0.9923682277,,19504130366
0.3910448432,,2.29E+12
0.9920309506,,8.51E+11
0.9927309161,,3.09E+11
0.9905956603,,1.55E+12
0.09482769238,,6.36E+11
0.0000003972472609,,0
0.01514300082,,2.68E+12
0.6318113755,,8.20E+11
0.2590587662,,3.44E+12
0.5124835657,,0
0.7435031872,,0
0.2588893309,,5.82E+12
0,,0
0,,0
0.955485018,,0
0.05403858536,,6.52E+11
0.5162854125,,70104355124
0.732233696,,0
0.7450455088,,3.11E+12
0.8478070902,,3.50E+12
0.01144967817,,4.28E+13
0.9058239173,,6.12E+11
0.1847688101,,5.22E+12
0.0000007516932865,,1.90E+13
0.1078420708,,5.26E+12
0.06386610303,,2.01E+13
0.8973929087,,0
0.1916767599,,1.14E+12
0.7136126443,,9.21E+12
0,,2.52E+11
0.9022549461,,0
0.5639848707,,8.48E+11
0.9892184955,,8.38E+12
0.9618362687,,1.40E+12
0.05901767191,,7.98E+11
0.00000001513488771,,6.75E+12
0.005951895761,,1.09E+11
0.1430423938,,1.53E+12
0,,7.27E+12
0.04431002946,,1.06E+12
0.000000009175388345,,8.19E+11
0.9983107918,,12774258799
0.4826806958,,3.43E+12
0.9527364381,,0
0.09220114099,,0
0.2010620143,,8.96E+11
0.09165574895,,24798603271
0.7310317558,,0
0.4607594394,,6.50E+11
0.06553187429,,0
0.4330261746,,1.79E+12
0.9973248617,,1.37E+13
0.9367591646,,6.71E+12
0.9193313536,,87116474025
0.03786388863,,24763607026
0.9994650972,,0
0.005498510418,,4.16E+12
0.5937005085,,2.25E+11
0.9959963297,,6.88E+12
0.2311541912,,1.60E+12
0.9673159606,,3.51E+11
0.9367549104,,1349116450
0.9634941207,,6.73E+11
0.9904405632,,1.09E+11
0.2589882515,,31399128545
0.9618362687,,5.05E+11
0.9945341858,,57575810514
0.8593574122,,8.01E+12
0.9999604963,,3.41E+11
0.9999994732,,41149572752
0.9988820646,,1.17E+12
0.05138125454,,1.24E+12
0.873188205,,0
0.5318297732,,4.28E+13
0.9999999778,,2.35E+11
0.9716301759,,1.94E+12
0.9792495388,,30830618982
0.6452895268,,2.81E+11
0.9995725221,,66295539342
0.9959921827,,66893576529
0.08396233817,,1.08E+12
0.7870205202,,0
0.8692903352,,7.17E+11
0.9527678608,,9.39E+12
0.9941975707,,6.07E+11
0.9823366856,,64827611311
0.9909352032,,0
0.06468428986,,77790937171
0.9992932478,,0
0.9999994658,,0
0.9826765667,,5.69E+11
0.983185044,,182.25
0.9999994253,,3516371194
0.9977317542,,1016595143
0.000000009175388345,,1.28E+11
0.9354576462,,1.30E+12
0.9370454501,,3.31E+11
0.9999847498,,53462153828
0.3561540695,,0
0.9991448152,,1.97E+12
0.9982935375,,0
0.4634512497,,2547776100
0.4690841763,,4.49E+12
0.94157684,,1.47E+12
0.8989796939,,9.51E+12
0.7084464744,,1.80E+11
0.07528607457,,1.62E+12
0.5862806538,,0
0.9209651645,,2.97E+12
0.9968776056,,1.02E+12
0.246688812,,1.45E+13
0.9909252676,,0
0.8516458111,,2.37E+12
0.9920231398,,2.08E+12
0.5309945213,,59997660223
0.1821480067,,5.22E+12
0.7962042343,,3.05E+11
0.9885606438,,2.24E+12
0.9992399277,,2.96E+12
0.0000007772827492,,6.49E+11
0.614334255,,72033373883
0.2900513548,,2.66E+12
0.9993411913,,2.64E+11
0.9994860281,,1.66E+13
0.3800576149,,1.39E+12
0.8981724262,,85774889765
0.1739765422,,1.04E+13
0.9977786894,,0
0.808221483,,7.43E+12
0.008260695344,,1.45E+13
0.2804799572,,26278606295
0.02215422168,,1.21E+12
0.6467803773,,2.91E+12
0.9554989755,,4.79E+12
0.1788430152,,0
0.7242554289,,7.14E+11
0.7062375238,,7.17E+11
0.4123195049,,3.82E+12
0.8561336726,,4.38E+11
0.3454181902,,3.43E+12
0.9768920409,,1.58E+13
0.9203586694,,6.50E+11
0.5618766726,,5.42E+12
0.995337489,,2.17E+12
0.5642778686,,2.35E+12
0.9030726101,,1.71E+12
0.9944674994,,0
0.1463043233,,7.54E+11
0.009406359615,,7.85E+11
0.7281889887,,3.45E+12
0.9233123117,,1.09E+12
0.07052135556,,7.63E+12
0.998169077,,1.28E+12
0.9060892094,,2.20E+12
0.8260726959,,32532850969
0.07329445474,,5.75E+12
0.02100864959,,1.91E+12
0.9832927721,,2.57E+12
0.7567105916,,1.17E+11
0.9669726865,,2.40E+11
0.9993038324,,1495871652
0.8029367523,,3.09E+11
0.8755234604,,6.01E+11
0.01869896073,,26370099303
0.2589882515,,2.35E+12
0,,52887284855
0.650267693,,3.41E+11
0.516348416,,4.20E+12
0.5779469951,,8.01E+12
0.9422409382,,26123363295
0.7368910966,,4.69E+12
0.5124835657,,3.49E+12
0.04832711359,,9.29E+12
0.9982016555,,2.10E+12
0.9974529032,,4.19E+12
0.09220114099,,2.45E+12
0.5308802456,,67182255875
0.7911409451,,25092892368
0.9993034426,,3.91E+12
0.7564944879,,6.14E+12
0.2490918076,,5.34E+11
0.9970375428,,1.30E+13
0.06873641659,,2.63E+11
0.8818249576,,1.77E+11
0.7074200832,,1.29E+12
0.7893280721,,1.01E+12
0.6542326102,,3.93E+12
0.6452895268,,1.93E+12
0.970329911,,2.26E+11
0.9792089912,,1.37E+13
0.5915880123,,14878658730
0.2238572614,,0
0.02499108832,,6.51E+11
0.4453709447,,1.34E+11
0.9999989852,,5.78E+12
0.8992237266,,1.05E+13
0.0793977544,,0
0.2225685064,,0
0.8536451882,,1.86E+12
0.02100864959,,3.65E+11
0.4496913877,,3.44E+12
0.968712752,,2.41E+11
0.6170963739,,2.01E+12
0.9999997378,,20820093338
0.9928920174,,2.47E+11
0.04103106836,,6.05E+12
0.9993701606,,1.24E+12
0.8879623528,,9.48E+12
0.3720117581,,1.58E+13
0.900654324,,0
0.008076972779,,1.04E+12
0.02139243511,,3.97E+12
0.7995536029,,6.61E+12
0.8662902365,,946128.5
0.1247214444,,0
0.999999242,,2.59E+12
0.04028756381,,4.73E+12
0.04120508486,,5.89E+11
0.003671854123,,5.92E+12
0.8269464427,,1.72E+12
0.5839380168,,2.08E+12
0.9473707624,,7644616922
0.7037117564,,5.61E+11
0.6541480573,,3.36E+12
0.3508852439,,0
0.2181388512,,3.46E+11
0.2599137659,,0
0.04014534149,,2.34E+12
0.86701727,,0
0.994030577,,9500251744
0.9967404206,,5.18E+11
0.9693785778,,33911239271
0.9987629394,,0
0.995957481,,84062384239
0.9979355874,,35175042593
0.99458031,,37045613908
0.7368910966,,9.47E+12
0.9821449375,,15506041885
0.9941272554,,4.16E+11
0.8797270942,,1.03E+11
0.9609652108,,5.00E+11
0.9947497149,,2.10E+12
0.9794098212,,1.27E+11
0.9987640881,,21072739024
0.9864774427,,0
0.9999995168,,2.08E+12
0.9974317242,,0
0.01649118584,,2.98E+11
0.01238355627,,34649833038
0.9827988139,,27960638821
0.9436249242,,1.41E+13
0.9999961484,,8.88E+11
0.9975964566,,0
0.4931943104,,25811947762
0.5718160799,,1.21E+11
0.9893969184,,55704344938
0.9999992448,,3.53E+11
0.8207535327,,5.98E+11
0.9975328811,,41923854906
0.9963064359,,1.08E+12
0.7409929711,,2.83E+11
0.3184282201,,1.59E+11
0.8186373234,,0
0.9993178052,,3.68E+11
0.6768872137,,2.15E+12
0.9152923048,,4.34E+11
0.9430982331,,1.22E+11
0.6663760239,,0
0.1463043233,,1.32E+11
0.5596237055,,0
0.920439261,,17963531537
0.9992863073,,4.19E+11
0.8547768855,,6368108802
0.9952653362,,1.62E+11
0.9504789087,,2.78E+12
0.9974571987,,1.69E+11
0.9986363159,,3.85E+11
0.8999473001,,30830618982
0.8733793067,,5.39E+11
0.9993460886,,8372524502
0.9244698966,,20820093338
0.9999981209,,1.45E+13
0.4782959287,,18399680512
0.7995536029,,1.13E+11
0.9789229843,,1.84E+11
0.9999995376,,16465182891
0.6619742823,,2.29E+11
0.6865434212,,1.12E+11
0.9926661389,,4.57E+11
0.9609439755,,9.00E+11
0.9977108697,,1.41E+11
0.4405464263,,4.99E+12
0.9960891146,,7.26E+11
0.1078420708,,0
0.9342788688,,0
0.9262308787,,31977935372
0.5952366671,,0
0.1628001096,,2.23E+11
0.9578772286,,1.89E+11
0.8899276524,,0
0.9909352032,,6711087099
0.9999995198,,1.63E+11
0.934078255,,1.93E+11
0,,0
0.5449197082,,0
0.1916307362,,0
0.1446785466,,2.50E+11
0.9999986147,,7.48E+12
0.9994889244,,77693683746
0.9216139101,,0
0.8516458111,,2.53E+13
0.9126109013,,1.49E+11
0.744664835,,0
0.115709181,,2.29E+11
0.6547252802,,3.96E+11
0.9999994887,,97428640455
0.9999997022,,0
0.9805945695,,0
0.04149333338,,3.03E+11
0.9399109945,,1.05E+12
0.9734728203,,946128.5
0.485266626,,1.28E+12
0.4705016474,,469910.25
0.9152923048,,4.08E+12
0.4919171905,,4.11E+11
0.6942420565,,0
0.9999999084,,4.74E+11
0.9999989852,,3.04E+11
0.9940991794,,2.49E+12
0.002910516068,,0
0.9228526124,,0
0.9407509433,,1.42E+12
0.9262252082,,80094894819
0.590768403,,4.66E+12
0.9134176481,,1.01E+12
0,,3.03E+12
0.5215847398,,0
0.9939364189,,0
0.07137624805,,4.56E+11
0.9646902156,,1.42E+12
0.9926576501,,6.87E+12
0.9999999778,,3.82E+12
0.00003540022375,,3.38E+11
0.01272017969,,1.45E+13
0.8991935855,,5.78E+12
0.1546175377,,1.63E+11
0.3052101681,,1.61E+12
0.1446785466,,2.91E+12
0.9817192606,,6.97E+11
0.9999994972,,4.19E+11
0.9915521768,,4.36E+11
0.8801233962,,0
0.9909252676,,0
0.9935288139,,0
0.9930965563,,0
0.1911902983,,2.81E+11
0.9827926019,,3.65E+11
0.9420778574,,2.64E+11
0.9789160424,,7.81E+12
0.183971999,,1.08E+13
0.9004458169,,0
0,,2.22E+11
0.9146687475,,0
0.6768872137,,0
0.1805782218,,0
0.9080437485,,43588114076
0.999999851,,53306992351
0.8992237266,,2.83E+11
0.6343062102,,1.28E+12
0.9040609031,,71502559101
0.9820468742,,3.65E+11
0.9999989491,,2.03E+11
0.887224593,,61763506211
0.9591990919,,1.88E+11
0.9336674075,,9.89E+11
0.9527364381,,15572668890
0,,70923607461
0.9957308284,,0
0.7144693286,,0
0.01233553243,,5.07E+12
0.3916704162,,8.96E+11
0.8845363623,,7.23E+11
0.9122091738,,1.27E+13
0.4082331379,,6.13E+11
0.9855378663,,1.43E+11
0.963619853,,0
0.7892360376,,5.79E+11
0.8991935855,,1409326681
0.9794675699,,1.25E+12
0.9917643023,,1.21E+11
0.4668545111,,65670018484
0.9669815877,,3.41E+11
0.05167096753,,3.54E+11
0.9884368085,,8.51E+11
0.7084464744,,9.65E+11
0.6932510466,,0
0.009740022287,,0
0.9861177107,,2.58E+13
0.9915601315,,4.46E+11
0.9024228951,,1.21E+13
0.9855397245,,6747965316
0.9847045358,,85877326047
0.9651796273,,0
0.9865095793,,1.95E+12
0.9795685015,,1.72E+11
0.9610658646,,63130668063
0.9812950331,,3.94E+11
0.9212011158,,1.29E+12
0.8687527207,,4.39E+11
0.0004713640884,,5.75E+11
0.9999984811,,1.09E+12
0.9908558219,,0
0.4822695293,,0
0.6956267461,,2.10E+12
0.8205921812,,3.37E+11
0.997619824,,1.03E+11
0.0002841754355,,1.53E+11
0.8631538881,,1.03E+12
0.901237967,,6.66E+11
0.9995767958,,7.73E+11
0.9886886669,,523906321
0.9693785778,,6585890562
0.9817302021,,2.71E+11
0.02336744395,,0
0.844285391,,6.04E+11
0.9747548701,,1.33E+11
0.9998297483,,5.98E+11
0.9865849509,,0
0.999999539,,0
0.5159453957,,4.64E+11
0.9975833699,,7.65E+11
0.9882594675,,1.39E+12
0.05138125454,,1.36E+12
0.09586133046,,0
0.9673614298,,64796043941
0.9122091738,,1.97E+11
0.98401158,,9989003025
0.9844445576,,78207760065
0.9954402977,,3.09E+11
0.9162445784,,1.25E+11
0.4690841763,,2.04E+11
0.9579078386,,66696892432
0.9876692954,,9.47E+11
0.9764612186,,1518855756
0.9614876783,,7.34E+11
0.9832208483,,1.93E+12
0.9778794909,,77443245406
0.9729419912,,2.17E+11
0.9841994787,,3.01E+12
0.9337057209,,1.33E+12
0.9434506551,,4.34E+11
0.8251766136,,1.93E+11
0.994030577,,3174712088
0.9750076027,,33250507097
0.9806188833,,3.51E+11
0.6054628112,,41923854906
0.9983270054,,1.02E+11
0.9853577626,,1.02E+11
0.9622341955,,1.39E+12
0.3483608757,,6.58E+12
0.01958604567,,1.64E+11
0.00001157602376,,3.00E+12
0.997498621,,0
0.9262252082,,6.45E+11
0.887224593,,3.79E+12
0.999996953,,0
0.9836112096,,0
0.8839709805,,1.18E+11
0.6636834056,,84953551603
0.9422409382,,83804426078
0.9320123589,,2.22E+11
0.9709272994,,94856173041
0.9952652204,,1.15E+12
0.7897978632,,0
0.9777817401,,1.13E+11
0.9609849492,,4.64E+11
0.03986760764,,6.52E+11
0.9152394642,,1.51E+12
0.4632765049,,5.04E+12
0.9947633208,,3.97E+12
0.8436135844,,8.75E+11
0.894531067,,7.85E+11
0.9960891146,,3.52E+11
0.9970897843,,1.25E+11
0.0000000004303986025,,1.35E+13
0.3508852439,,4.11E+11
0.9698758204,,94526880291
0.9437488439,,29050917580
0.9632165841,,8.05E+11
0.5726069703,,4.65E+11
0.9999986071,,4.18E+11
0.9933653875,,3.92E+13
0.2882709506,,8.86E+11
0.9999961484,,0
0.05901767191,,1.83E+12
0.9395339818,,5.17E+11
0.9999995302,,5.04E+12
0.923563312,,0
0.911249383,,6.40E+11
0.9932159643,,1.72E+12
0.5749257899,,80037310766
0.7449808725,,7.62E+12
0.07142513095,,4.61E+12
0.9614876783,,3.83E+11
0.858844392,,0
0.9847045358,,5442144627
0.9353732398,,1.46E+11
0.9393822696,,1.13E+12
0.9540480579,,1.50E+11
0.9686907559,,4.01E+11
0.008260695344,,2.69E+12
0.70715586,,4.72E+11
0.9978791154,,2.12E+12
0.9615616228,,0
0.9218240831,,4.87E+11
0.9798297707,,5.96E+11
0.9053848642,,2.57E+12
0.8203649448,,0
0.9426703788,,4.66E+11
0.6570027489,,2.71E+12
0.3004444262,,1.02E+11
0.9999904985,,6.58E+11
0.9999641602,,2.61E+11
0.8797270942,,3.55E+11
0.9144105546,,5.18E+11
0.9838178379,,2.78E+11
0.6845194197,,3.60E+11
0.001438988024,,1.21E+11
0.9124526126,,1.97E+11
0.9552603078,,0
0.008558351217,,4.64E+12
0.8364773668,,7.72E+11
0.7693050603,,51831237519
0.1913497655,,0
0.0001922778443,,5.74E+11
0.839785232,,0
0.8981453117,,1.45E+13
0.5215847398,,1.05E+13
0.9957308284,,0
0.3270507423,,7.15E+11
0.07859434251,,89535431416
0.5940071402,,0
0.9975021203,,2.55E+12
0.9985024458,,9.21E+12
0.9999992373,,7.36E+11
0.08522879141,,0
0.9993034426,,1.69E+11
0.9993009286,,0
0.998842791,,43588114076
0.1277535868,,3.12E+12
0.6409508711,,77579708610
0.8678662372,,2.55E+13
0.997248056,,3.53E+13
0.6853996184,,4.57E+11
0.001438988024,,18494978273
0.9999985285,,1.21E+12
0.00002119709079,,4.49E+12
0.1318374269,,0
0.8563757352,,0
0.9649761172,,2.25E+12
0.0728335664,,6.73E+11
0.6856203037,,4.73E+12
0.9547380134,,2.27E+12
0.9098570865,,32532850969
0.8217713039,,1.24E+12
0.8462287367,,1.41E+12
0.9760257853,,7.02E+11
0.5952366671,,8.05E+11
0.1312011503,,5.03E+12
0.4371184927,,3.83E+11
0,,2.49E+12
0.9953495131,,3.51E+12
0.9576067269,,1.45E+13
0.7796319396,,3.32E+12
0.003541552654,,1.07E+13
0.2599137659,,1.45E+12
0.9760010923,,5.07E+11
0.9979350632,,1.05E+12
0.9654122197,,2.24E+11
0.9992376205,,14021677600
0.0009270388367,,5.55E+11
0.3508278728,,72340882056
0.0004242982181,,3.57E+11
0.6964936553,,1.62E+12
0.9999992448,,17899698409
0.923563312,,0
0.005951895761,,3.90E+12
0.968085967,,0
0.9913522139,,0
0.5946941276,,1.11E+11
0.5349864672,,3.07E+12
0.005498510418,,15986650236
0.9999995093,,5.71E+12
0.9999997054,,8.27E+11
0.9831641035,,0
0.894617212,,90622673296
0.8574111205,,1.37E+12
0.005956864264,,8.02E+11
0.9999847498,,2.86E+11
0.7886841047,,0
0.9016635114,,6.98E+11
0.901237967,,1.36E+12
0.02303763549,,15294498843
0.9783589917,,0
0.3879650384,,15533363007
0.9986659711,,1.55E+12
0.9436249242,,2.12E+12
0.9698198689,,1.08E+12
0.2526822041,,1.53E+12
0.9982365174,,0
0.9999904985,,15999925046
0.8614673622,,1.36E+12
0.8654837166,,4.77E+12
0.9981591875,,8.28E+11
0.9999990265,,2.06E+11
0.8565860864,,0
0.3157955397,,42179917506
0.9999992999,,0
0.3876690434,,170576.1875
0.7567105916,,26176009.5
0.8941661033,,0
0.9999992579,,1063220.688
0.9999998476,,4.19E+12
0.9999995441,,767496.75
0.9540748262,,1.11E+11
0.9999995376,,1.53E+12
0.9999987629,,0
0.9999943825,,9.79E+12
0.9979350632,,0
0.999998231,,0
0.9673614298,,41570087481
0.9855378663,,32410600739
0.9999995198,,1.02E+11
0.996158748,,72230757376
0.9834261103,,4.11E+12
0.8900100939,,82867250853
0.9963023727,,2.18E+11
0.9778368891,,67303550455
0.8989796939,,1.66E+12
0.8763386547,,519366200
0.9935419217,,3.60E+12
0.9998564807,,88616855571
0.9713686488,,8.71E+11
0.2481418986,,70695208427
0.9919060292,,1.53E+12
0.9803705547,,4.70E+11
0.858844392,,5.35E+11
0.6621680595,,2.57E+12
0.9948764281,,2.74E+12
0.6293285774,,0
0.9935962646,,59667706047
0.968075341,,3.82E+12
0.9934414366,,0
0.9689760563,,1.45E+12
0.7061224136,,5.67E+11
0.9225773502,,3.61E+12
0.7472099429,,3.17E+11
0.9689195452,,2.65E+12
0.8555878392,,1.47E+12
0.9016635114,,1.86E+12
0.9967404206,,9.46E+11
0.9926432084,,2.13E+12
0.3511186454,,69710146240
0.3516551765,,4.05E+11
0.7708819576,,34649833038
0.9884936107,,33461441150
0.8364773668,,0
0.7530657468,,54401025517
0.9896973694,,2.99E+11
0.871278178,,1.03E+11
0.9930914963,,1.93E+11
0.01479049157,,1.36E+12
0.6105073431,,8.86E+11
0.9934414366,,40820416718
0.9695252222,,1.39E+11
0.9212011158,,0
0.9584123489,,1.60E+12
0.877517421,,2.62E+12
0.6773589034,,8.20E+11
0.9805945695,,1.21E+12
0.183971999,,41330177704
0.7411954868,,4.29E+11
0.8189772111,,5.78E+12
0.2391366956,,6.92E+11
0.8561336726,,3.81E+11
0.9425215771,,4.98E+11
0.8747310735,,3.65E+11
0.948268944,,1.30E+11
0.6423049259,,0
0.9562278399,,1.17E+12
0.7555963041,,8.74E+11
0.9882045466,,2.40E+11
0.8920593097,,1.34E+11
0.1744872794,,1.54E+11
0.1685292872,,1.62E+12
0.4910008717,,1.03E+12
0.9410984517,,0
0.8946003183,,4.37E+11
0.9178884065,,6.45E+11
0.8061941322,,2.35E+11
0.04103106836,,1.37E+12
0.9664417184,,1.93E+11
0.9987821667,,1.70E+12
0.979949904,,5.74E+11
0.5992875933,,2.15E+12
0.6437489245,,32410600739
0.9266096737,,6.34E+12
0.8874865642,,1.01E+12
0.9609849492,,5.30E+11
0.5162854125,,6.63E+11
0.003543579505,,5.43E+12
0.3941567692,,1.37E+12
0.969543696,,0
0.1698259491,,6578314767
0.9649761172,,5.51E+11
0.9034473106,,4.40E+12
0.9999999879,,1.64E+12
0.9920914827,,3.20E+12
0.07143858475,,1.48E+11
0.9943561532,,8.80E+11
0.9960923324,,6.01E+12
0.7870205202,,1.43E+11
0.9759575668,,7.85E+12
0.7805585926,,1.24E+12
0.5251770187,,7191124800
0.5159453957,,0
0.9810435596,,4.64E+12
0.6275400161,,0
0.9744128397,,0
0.07137624805,,0
0.07043177583,,19861698973
0.8818249576,,8.51E+11
0.210476195,,1.07E+12
0.9999917675,,7463404881
0.6882629665,,0
0.07143858475,,21553601533
0.9381182803,,0
0.3755386132,,1.02E+12
0.5815773234,,0
0.0003328258718,,1.84E+12
0.2108289362,,0
0.3509527228,,3.51E+11
0.8489091378,,0
0.9396201692,,0
0.1430423938,,0
0.8731373978,,1.32E+11
0.2238132237,,2.28E+12
0.875427885,,5.79E+11
0.7648805964,,37468764192
0.9976376732,,1.14E+11
0.9806188833,,76615437240
0.9884936107,,0
0.9747548701,,1.79E+11
0.9568947799,,67303550455
0.9332216186,,1.16E+11
0.9829313192,,0
0.9981531922,,1.50E+11
0.847536176,,17117496357
0.9958285889,,88180610832
0.07489847316,,55251304026
0.5308802456,,2831357310
0.9893969184,,0
0.9921426195,,33716604462
0.9872824057,,4.26E+11
0.9861410852,,35175042593
0.9755638166,,29007461005
0.6956798835,,2.21E+11
0.9838178379,,1.35E+12
0.9999995093,,78302517481
0.9982710604,,15689169672
0.9893427897,,57225011020
0.9991620909,,9.65E+11
0.9976615947,,3.07E+11
0.9920309506,,1.25E+11
0.9715655691,,2.24E+12
0.9952456852,,18675086762
0.9980477098,,1.02E+11
0.9861014479,,9.66E+11
0.9844445576,,23198207152
0.9834261103,,0
0.9917643023,,1.46E+11
0.9967748165,,16078992289
0.9999999996,,17117496357
0.9977514563,,26897297960
0.9579273775,,64509041362
0.0006424818422,,1.02E+12
0.5309945213,,62858485227
0.8712914122,,13242321
0.9934865446,,2.06E+11
0.9918661191,,2.08E+12
0.9393822696,,29563249889
0.9977095976,,1.47E+11
0.9712193964,,1.82E+12
0.9967008975,,0
0.9987627956,,1.65E+11
0.9951278191,,82867250853
0.991598151,,40778579519
0.7886543522,,8.17E+11
0.9779546665,,1.60E+12
0.995957481,,2.25E+13
0.9905224184,,23976357236
0.9981531922,,97562326683
0.8952619056,,33911239271
0.07859434251,,0
0.9999943262,,19709612396
0.7946230575,,6.25E+11
0.9859543851,,3.41E+11
0.9981806194,,78207760065
0.8405896461,,0
0.952783627,,8.80E+11
0.1614705036,,4.74E+11
0.999999851,,1.99E+11
0.005508066834,,5.82E+11
0.9572980565,,1.26E+13
0.3507924472,,0
0.5312011588,,0
0.9060892094,,1.69E+12
0.005482863331,,0
0.9785953458,,0
0.9004032142,,6642902016
0.9178884065,,0
0.09406367867,,5.72E+11
0.9999981209,,2.63E+11
0.994500069,,0
0.9980356609,,6.84E+11
0.9824069288,,90622673296
0.9933266059,,4.23E+12
0.109050183,,7.08E+12
0.6867583577,,0
0.3508013397,,2.31E+11
0.9576067269,,7.23E+11
0.3511261883,,2.72E+12
0.9498494405,,884556822.3
0.9898062259,,3.07E+12
0,,0
0,,30889342675
0.9703952851,,0
0.9999968631,,3792756.25
0.993635556,,1.97E+12
0.8260726959,,3.42E+12
0.9187890923,,1.55E+11
0.9949877474,,89426117764
0.9901868373,,0
0.9417982236,,1.72E+11
0.9741950648,,1.17E+11
0.9999279989,,1.75E+12
0.7796319396,,2.31E+12
0.9467920778,,3.22E+11
0.9730716229,,698122084
0.9770010908,,2.45E+12
0.9650750458,,0
0.9995926123,,457272832.7
0.9754297233,,1.30E+11
0.9974926553,,0
0.9817192606,,1.34E+11
0.9999999996,,0
0.05580675306,,2.68E+12
0.9924216123,,3.38E+11
0.9994692218,,7.17E+11
0.9817388727,,1.73E+12
0.996235094,,14842721771
0.9885606438,,0
0.9956241158,,1.81E+11
0.992883106,,0
0,,1.80E+11
0.9920553769,,8.89E+12
0.9999989579,,157295.5
0.9681803025,,3.99E+11
0.9999995168,,1.64E+11
0.9537230064,,6.62E+11
0.005508066834,,1.76E+11
0.0793977544,,51831237519
0.4989696152,,0
0.9999992999,,1.70E+12
0.987312634,,1.69E+12
0.6936849053,,8115667569
0.004641531654,,68431703245
0.9477683792,,6.86E+11
0.9836112096,,2.55E+11
0.6318113755,,3.02E+11
0.5050132003,,0
0.7953941297,,70290650691
0.9012235968,,26382530329
0.9975021203,,0
0.09433009508,,0
0.9337057209,,0
0.968075341,,2.68E+11
0.9812950331,,4.66E+11
0.9865653232,,0
0.9789160424,,1.65E+11
0.9951278191,,0
0.05254981815,,4.19E+11
0.00004826126484,,1.79E+11
0.9941363848,,53306992351
0.9762065174,,1.46E+12
0.7242554289,,2.28E+11
0.9999966999,,1.68E+13
0.9934630285,,43317853416
0,,1.01E+12
0.9899652137,,2.74E+11
0.9426703788,,8136680413
0.970922327,,1.67E+11
0.9941139922,,1.91E+12
0.9338615796,,1.43E+12
0.989934707,,2.49E+11
0.3424967715,,4.57E+11
0.9997446883,,1.07E+13
0.9948256421,,3.38E+13
0.3851156277,,5.67E+11
0.007551539686,,39741325642
0.9287765721,,0
0.9987973747,,806304420.3
0.9864774427,,1.48E+12
0.9701990957,,1.05E+13
0.6555482611,,0
0.1827458565,,1.95E+11
0.9475729694,,2.56E+11
0.9952456852,,2.98E+11
0.1318374269,,98281265817
0.730259984,,6.41E+11
0.9878087994,,3.37E+11
0.9921851466,,1.33E+12
0.4411189031,,5.28E+11
0.1989959991,,89349845294
0.0009363734649,,1.21E+12
0.9986798924,,55357065814
0.8448074872,,0
0.485266626,,1.01E+12
0.5578590482,,7.17E+11
0.9990289122,,5.82E+12
0.5642778686,,3.69E+12
0.4481751276,,2.18E+11
0.4774517991,,2.53E+12
0.2948341948,,5.01E+12
0.4462926015,,1.32E+11
0.1685292872,,3.08E+11
0.9968734036,,8.56E+11
0.06398261541,,2.35E+11
0.9978656924,,63560227538
0.9841902876,,3.63E+12
0.9999995078,,0
0.8733793067,,2.96E+12
0.8876957641,,3.04E+12
0.5356403845,,2.73E+12
0.2248599881,,1.18E+11
0.008076972779,,1.28E+12
0.5807494685,,7.48E+12
0.7795453074,,1.64E+11
0.6566987996,,2.82E+12
0.4482678714,,7.36E+11
0.8436135844,,45563860596
0.1847688101,,0
0.9999996285,,1.62E+12
0.04032815268,,2.87E+12
0.1639889422,,0
0.8462287367,,2.19E+12
0.3755386132,,59283234731
0.9386133198,,5.46E+11
0.9766066701,,4.60E+12
0.8178597448,,1.97E+12
0.9823366856,,0
0.9999989634,,0
0.9995767958,,1409326681
0.9999641602,,0
0.9999994802,,0
0.999999067,,0
0.9999991837,,0
0.735064589,,1.05E+11
0.3356160654,,1.14E+11
0.000002796359399,,4.31E+11
0.999999929,,51788302903
0.07528607457,,0
0.002591377486,,1.62E+13
0.9932318066,,3.07E+11
0.9999995228,,2.25E+12
0.1676357852,,0
0.0009363734649,,16103863801
0.952783627,,0
0.9116828483,,1.01E+12
0.000002875294902,,1.40E+12
0.9875861189,,8.02E+11
0.9472239164,,5.55E+11
0.914189028,,0
0.592892814,,0
0.1913497655,,1.86E+12
0.0006157621584,,94021476639
0.9810435596,,7.23E+11
0.998484479,,6.18E+11
0.4413540641,,0
0.4668545111,,3.82E+11
0.9896820167,,2.15E+12
0.9060459711,,1.47E+11
0.9994889244,,2.64E+12
0.9994692218,,2.09E+12
0.4701714444,,0
0.2920382669,,45563860596
0.9994750829,,1.52E+12
0.2900513548,,6.04E+12
0.7372474501,,5.91E+12
0.8603531011,,9.00E+11
0.0183594627,,5.30E+12
0.445293863,,3634907855
0.9994738491,,0
0.00004826126484,,5.69E+11
0.2391366956,,4.76E+12
0.998246963,,4.49E+11
0.9218336491,,4.80E+12
0.8994749671,,5.89E+11
0.7845323152,,5.75E+12
0.9990289122,,0
0.01731500322,,4.02E+12
0.6663760239,,4.65E+11
0.9525293264,,0
0.9994768817,,4.97E+11
0.5312011588,,2.44E+12
0.6723348138,,1166085904
0.8536451882,,3.32E+12
0.3737452186,,3.38E+13
0.7350984168,,2.49E+12
0.7472942913,,1.88E+12
0.9995744451,,0
0.6725847856,,4.90E+12
0.4548050603,,35680658343
0.6636834056,,7.46E+12
0.169513901,,0
0.4340624479,,1.23E+12
0.9994674099,,0
0.08522879141,,4.23E+12
0.4612492118,,2.10E+12
0.9996598945,,1.16E+12
0.9217023544,,0
0.9792495388,,0
0.9729419912,,157295.5
0.6293285774,,51134847465
0.9795685015,,4.87E+11
0.9789574062,,29563249889
0.9967008975,,2.29E+12
0.9999989579,,1.18E+12
0.9558877859,,18675086762
0.644839255,,12794656.5
0.9999967369,,3.55E+11
0.6467803773,,5.75E+11
0.5423702279,,2.69E+11
0.9596520295,,1.69E+12
0.5149571839,,4.88E+12
0.8481648184,,1.52E+12
0.9053848642,,2.35E+12
0.967286423,,6031479947
0.9949246991,,2.36E+12
0.9159075557,,1.43E+12
0.9338615796,,2.74E+12
0.9287761628,,0
0.7929590861,,3.78E+12
0.9794098212,,2866249
0.9931378307,,6.44E+11
0.9999074298,,3.86E+12
0.9999869517,,1.27E+11
0.3944516892,,8.40E+12
0.9976615947,,42340832970
0.2925268952,,4.01E+11
0.9701472281,,4.39E+11
0.9799915185,,77443245406
0.9983270054,,4.70E+11
0.7530657468,,0
0.9998297483,,1.48E+12
0.9671671855,,9.46E+11
0.7946230575,,6.58E+11
0.009593350145,,1.60E+12
0.5763858753,,2831357310
0.9999948521,,0
0.8207535327,,3.45E+12
0.9285207052,,8.88E+11
0.9475947993,,515308248
0.1786959566,,0
0.9991620909,,5.51E+11
0.9124526126,,3.57E+12
0.2759969525,,523906321
0.9718106259,,7.27E+11
0.2925268952,,3174712088
0.730259984,,3.78E+12
0.9999999879,,6.18E+11
0.9998367003,,2.92E+12
0.01589951633,,2.23E+11
0.9935419217,,6.21E+11
0.7633399728,,6.36E+11
0.009740022287,,2.08E+13
0.3631926046,,70290650691
0.9406420592,,1.64E+12
0.8283805429,,0
0.01443991214,,6.19E+12
0.744664835,,3.93E+13
0.9930965563,,81590289696
0.9348090068,,0
0.8712914122,,2.06E+13
0.803419991,,7.27E+12
0.9956241158,,4.60E+12
0.9996249015,,63618919733
0.232170711,,1.20E+12
0.8603531011,,70923607461
0.9982879189,,3.12E+12
0.9994860281,,8.91E+11
0.9380955263,,69229215473
0.900556333,,0
0.9961047387,,2.23E+11
0.5047692787,,23460575664
0.5423702279,,1.06E+12
0.00001754412049,,3.42E+12
0.9446005899,,53462153828
0.8747310735,,4.79E+12
0.9641107834,,3.67E+11
0.9734976252,,3.46E+11
0.8906784392,,0
0.9999999557,,0
0.4774517991,,25092892368
0.992964261,,8.40E+12
0.920439261,,3.77E+13
0.006759219435,,9.06E+11
0.8837964411,,1.23E+12
0.8847315849,,6.40E+11
0,,7.60E+12
0.9974864858,,9.25E+11
0.9417982236,,0
0.000006129864142,,1.42E+12
0.968712752,,1.35E+13
0.9907143796,,15986650236
0.9999992579,,1.23E+12
0.9457505702,,33461441150
0.9988690551,,3.21E+11
0.4051031977,,71246672949
0.655935638,,7.56E+11
0.0000000112074674,,30631906586
0.0000001325187191,,0
0.8104607719,,40999752472
0.2639084403,,4.67E+11
0.9709272994,,9.15E+11
0.2588893309,,7829276588
0.9828965068,,4.68E+12
0.9962898144,,7.34E+12
0.002498116139,,0
0.3475376625,,0
0.09165574895,,2.31E+12
0.998842791,,2.73E+11
0.9999997719,,2.80E+12
0.9916273625,,1.58E+12
0.06026965538,,1.88E+12
0.9104964464,,0
0.2560650909,,8.85E+12
0.9959921827,,92887972922
0.8497388986,,6.88E+12
0.8996621002,,0
0.6521109807,,0
0.9844149754,,2.52E+11
0.9299903446,,0
0.995337489,,1349116450
0.9999604963,,61634150438
0.9058239173,,4.10E+11
0.9903974341,,4.64E+11
0.6559388488,,1495871652
0.9265878175,,91334082804
0.02498519628,,84622519100
0.7892360376,,4.11E+11
0.1272943765,,8115667569
0.5449197082,,0
0.9999999875,,5.30E+11
0.9974926553,,3.64E+11
0.08323135989,,2.53E+11
0.9335403001,,0
0.9209651645,,6.86E+11
0.9692134387,,3.61E+11
0.9406420592,,8.73E+11
0.6001949592,,3.20E+11
0.9701814188,,5842977496
0.2172043309,,5.54E+11
0.724530669,,4.74E+12
0.9999976255,,8.57E+12
0.05457848016,,1.02E+11
0.01532978164,,0
0.877517421,,6.01E+11
0.3842412828,,8.84E+12
0.002273133549,,1.28E+12
0.7863089713,,6.75E+12
0.5340815774,,1.57E+12
0.8368192481,,3.92E+13
0.7507078249,,8.24E+11
0.5325801226,,4.66E+12
0.9999968631,,1.05E+12
0.8232843713,,1.54E+12
0.7395904989,,5.89E+11
0.9622228628,,2.38E+11
0.8988279649,,2.15E+12
0.900064898,,6.38E+12
0.2434652809,,9.80E+11
0.00001157602376,,0
0.6234410464,,3.84E+11
0.9280095416,,4.75E+12
0.8799085796,,3792756.25
0.9332216186,,7.56E+11
0.839785232,,2.15E+12
0.8914075001,,0
0.6495255343,,1.67E+13
0.5300791569,,1.03E+12
0.9990836165,,1.77E+12
0.6052834074,,2.02E+12
0.002277106352,,2.61E+12
0.9525293264,,1.28E+12
0.00000001336303628,,0
0.009406359615,,0
0.5242320342,,3.44E+12
0.006759219435,,7.63E+12
0.8653216546,,3.51E+12
0.7051604614,,4.97E+11
0.8876957641,,0
0.5178299015,,2.13E+12
0.000000005848681011,,3.20E+13
0.000005228432469,,7.33E+11
0.1249525871,,15609378906
0.001137155724,,0
0.1312011503,,2.08E+13
0.01371422986,,3.77E+12
0.9999986811,,6.94E+11
0.1165884259,,0
0.8908854003,,4.98E+11
0.01869896073,,70104355124
0.009869672384,,5.01E+12
0.655935638,,0
0.9923301658,,53217369242
0.5992875933,,1.30E+12
0.8892932774,,0
0.1014987426,,7.23E+11
0.8193348169,,2.01E+12
0.9299903446,,7.43E+12
0.4482678714,,2.25E+11
0.3152532701,,0
0.8894517478,,0
0.5839380168,,4.64E+11
0.9999962763,,0
0.4693889181,,3.97E+12
0.9904405632,,0
0.9999991493,,8.96E+12
0.9999986071,,57575810514
0.9892184955,,1.58E+11
0.999997567,,0
0.0006645516809,,7.41E+12
0.806558033,,1.65E+11
0.5340815774,,5.43E+12
0.8706366367,,1.47E+12
0.7537922928,,2.49E+11
0.06072909365,,0
0.5618766726,,0
0.0005335015629,,7.26E+11
0.9999999557,,2.76E+12
0.005479711819,,2.16E+12
0.9997446883,,2.35E+12
0.1744872794,,9.73E+11
0.4070658966,,7.58E+11
0.8943270888,,1.32E+11
0.9999995078,,5.55E+11
0.8999473001,,806304420.3
0.8999970752,,23778833807
0.0005330680255,,4.66E+13
0.0000004820612932,,2.15E+12
0.05617193647,,0
0.6511902613,,0
0.9534617347,,2.99E+12
0.858122351,,0
0.8217713039,,1.48E+12
0.9685147242,,2.24E+12
0,,7.40E+11
0.9856904412,,0
0.9472239164,,3.62E+11
0.9629797791,,1.40E+12
0.5781078675,,3.20E+12
0.4353683054,,2.69E+11
0.9931931997,,1.22E+11
0.3794163258,,2.28E+12
0.650267693,,53256950875
0.0000001325187191,,1.27E+11
0.9964655002,,3.13E+12
0.4006832733,,1.24E+12
0.833631283,,73492222149
0.9827801228,,1.47E+11
0.6437489245,,1.89E+11
0.9333176204,,8.39E+11
0.1829209714,,8.04E+11
0.6511902613,,1.39E+11
0.9609439755,,0
0.09010583747,,0
0.982136774,,3.91E+12
0.08187604568,,8.28E+12
0.9933266059,,75143789938
0.9983418557,,0
0.9473707624,,8.31E+12
0.07311656587,,0
0.0001061406035,,5.71E+12
0.7780100959,,1.08E+13
0.9930845654,,5.59E+12
0.4355367253,,1.48E+12
0.004443737655,,0
0.9942960251,,0
0.1255706233,,3.12E+11
0.3508278728,,2.80E+12
0.8489091378,,2.31E+11
0.9055609292,,4.18E+12
0.8482385356,,94021476639
0.9434506551,,1.29E+11
0.9689760563,,39741325642
0.9908558219,,3.17E+11
0.9498585968,,2.71E+12
0.9934210783,,40778579519
0.9981591875,,2.94E+11
0.991598151,,1.16E+11
0.9828239877,,0
0.992710029,,1.91E+11
0.9030726101,,43239472661
0.9974317242,,27960638821
0.9950530263,,3.37E+11
0.979576783,,1.68E+11
0.9949663135,,6.22E+11
0.9861014479,,7.72E+11
0.01025596303,,37531675453
0.6570027489,,1.46E+11
0.994014217,,1.53E+11
0.961739331,,2.25E+11
0.9857527575,,4.34E+11
0.9914246711,,15294498843
0.9984349645,,2.40E+11
0.9948256421,,1.17E+11
0.9730766087,,0
0.6156164847,,1.40E+12
0.4082331379,,0
0.4020298927,,1.70E+12
0.9212181138,,1.55E+12
0.00003540022375,,3.51E+11
0.3892211262,,2.72E+13
0.5395892077,,1.05E+12
0.998484479,,0
0.4634512497,,2.82E+12
0.6568478352,,6.87E+12
0.01589951633,,0
0.7253460429,,9.35E+11
0.4052240145,,81539438989
0.6105073431,,0
0.6762109959,,0
0.8876061173,,1.12E+11
0.9849223405,,5.23E+11
0.5518704916,,1.29E+13
0.4411189031,,0
0,,0
0.7409929711,,52263903769
0.6038220307,,2.59E+12
0.2360396042,,0
0.01648568177,,2.20E+12
0.8405896461,,1.49E+12
0.01317071432,,29050917580
0.5915880123,,0
0.1999725803,,6.98E+11
0.8503460557,,1.45E+13
0.7201042308,,1166085904
0.9999986811,,1.45E+12
0,,9.39E+12
0.1470544489,,3.26E+12
0.3483608757,,8.22E+11
0.999999542,,1.81E+12
0.001760394401,,1.35E+13
0.9983107918,,0
0.008558351217,,0
0.4082139977,,6.84E+11
0.7805585926,,4.58E+11
0.9956357262,,0
0.3309154389,,6.23E+12
0.9999994732,,24763607026
0.9483622375,,0
0.9853577626,,21484342680
0.9896973694,,0
0.9865849509,,43317853416
0.9882269575,,70695208427
0.9967950926,,1.68E+11
0.8654837166,,7188949545
0.9859543851,,64509041362
0.9969521025,,1.85E+11
0.990337505,,2.21E+11
0.2490918076,,29213585079
0.9975328811,,37769839663
0.9927532322,,15506041885
0.9911350798,,1.47E+11
0.9989589644,,1.01E+11
0.9931535197,,56140499192
0.9265469443,,45358401402
0.9715655691,,1.22E+11
0.9999997054,,85877326047
0.9403158053,,48193055673
0.9913127936,,66696892432
0.9701472281,,4.79E+12
0.9927309161,,1.53E+12
0.9878087994,,2.69E+11
0.9826019234,,52095406490
0.9914246711,,54852320886
0.9544590248,,8.89E+12
0.9999979963,,91334082804
0.05580675306,,3010225
0.8908854003,,9.73E+11
0.1821480067,,2.32E+12
0.9634941207,,3.41E+11
0.0465050727,,9.77E+11
0.8617923943,,2.09E+11
0.7537922928,,2.25E+11
0.9844149754,,5.42E+12
0.001760394401,,0
0.09338419276,,2.10E+11
0.0006332976969,,0
0.4340624479,,88180610832
0.9261353586,,69548347066
0.002498116139,,0
0,,1.22E+11
0.9999976585,,1.14E+11
0.1827458565,,0
0.0000000001016250464,,1.19E+13
0.2756749264,,0
0.9329587846,,0
0.858122351,,6.11E+11
0.9262308787,,0
0.2586423649,,2.55E+12
0.1490680356,,0
0.9758134014,,0
0.9709286256,,0
0.9999995302,,2.62E+11
0.4931943104,,2.49E+11
0.005814135678,,2.34E+12
0.9755638166,,0
0.5946941276,,0
0.9328853155,,2.06E+13
0.001736951144,,1.70E+12
0.9999995228,,1.24E+12
0.9999994887,,1.81E+12
0.9931909925,,0
0.8617923943,,89862652441
0.9918636203,,6.52E+11
0.04786001694,,5.64E+12
0.01848680002,,53217369242
0.1788430152,,0
0.974164694,,0
0.7329833972,,0
0.9903974341,,1.04E+13
0.9777269255,,9.77E+11
0.9004032142,,0
0.00000003568692349,,2.55E+13
0.01850044496,,61634150438
0.9923301658,,0
0.9945341858,,4.85E+12
0.3428948905,,31399128545
0.833631283,,64028900293
0.6533876827,,0
0.955485018,,1.47E+11
0.1935300394,,0
0.00002119709079,,0
0.9989870714,,7.10E+11
0.9886886669,,4.40E+12
0.9866165229,,2.52E+11
0.2434652809,,1.81E+11
0.5250902948,,8.74E+11
0.9407509433,,59010202941
0.9999989491,,21553601533
0.4880253056,,2.72E+12
0.9477683792,,0
0.2796570206,,1.09E+12
0.4548050603,,2.34E+12
0.5779469951,,45761171825
0.4968056076,,0
0.2639084403,,0
0.0000000001572179958,,3.58E+12
0.1273467926,,0
0.9999999513,,5.39E+11
0.6533876827,,10335808524
0.9987973747,,1.06E+12
0.6531100524,,2.04E+12
0.8874865642,,66893576529
0.5276091894,,1.40E+11
0.4202295658,,1.24E+12
0.9969135229,,2.27E+12
0.8528227242,,3.82E+12
0.003577289809,,1.56E+12
0.4405464263,,3.47E+12
0.334707785,,17682528570
0.5973605148,,1.51E+12
0.5976231582,,6.95E+11
0.2803551051,,3.03E+11
0.6541480573,,2.25E+12
0.8609421658,,4.76E+12
0.9667432829,,8136680413
0.7664760265,,3.86E+12
0.175295241,,4.39E+11
0.004443737655,,1.02E+11
0.9717405253,,2.34E+12
0.2882709506,,2.44E+12
0.3298523427,,1.63E+11
0.1256341976,,1.64E+12
0.6964936553,,4.42E+12
0.7608399744,,4.79E+12
0.4769210268,,0
0.9396201692,,0
0.9635380135,,6.22E+12
0.9988052126,,63130668063
0.9977317542,,1.01E+13
0.8710287188,,1.20E+13
0.9162445784,,2.88E+11
0.9778368891,,4.72E+11
0.9884368085,,3949041091
0.999999929,,1.02E+12
0.9926565131,,7.58E+11
0.8801233962,,1.35E+12
0.9579273775,,0
0.9921136975,,6.97E+11
0.0000007772827492,,56140499192
0.9247446286,,4.02E+11
0.9995712978,,1.06E+12
0.9970221168,,0
0.9540480579,,4.88E+12
0.973506108,,1.18E+11
0.9312613773,,6.76E+12
0.644839255,,2.74E+11
0.9842793376,,4.70E+11
0.9762065174,,6.22E+11
0.9828239877,,4.61E+13
0.000001551044752,,0
0.9792593306,,2.83E+11
0.9986659711,,71009584869
0.99458031,,1.03E+11
0.9923128759,,6.23E+11
0.847536176,,6.64E+11
0.3090345792,,1.72E+11
0.9999948521,,0
0.990337505,,9.47E+11
0.9739927831,,15999925046
0.9579078386,,3.08E+11
0.9713686488,,0
0.9861177107,,2.12E+12
0.9826894633,,14385439591
0.9934865446,,2.06E+11
0.9247446286,,0
0.9892174236,,6.08E+11
0.3800576149,,3.07E+11
0.9380955263,,2.15E+13
0.9933078689,,0
0.8395585735,,6.42E+11
0.9791569611,,48193055673
0.70715586,,3.22E+12
0.9883069119,,1.06E+12
0.9819893566,,3.43E+12
0.9596520295,,1.52E+12
0.9652177343,,6.05E+11
0.9934630285,,3.28E+12
0.979576783,,2.27E+12
0.7790012061,,1.67E+11
0.2526822041,,5.35E+11
0.9999989634,,2.25E+11
0.9821449375,,7.27E+11
0.9543624955,,1.58E+11
0.9018388001,,5.72E+11
0.9872824057,,5.00E+11
0.7890805889,,0
0.6409508711,,1.56E+11
0.9475947993,,1.47E+11
0.9911350798,,3.94E+11
0.001980828621,,7.34E+11
0.9823694195,,4.77E+12
0.4020298927,,2.99E+12
0.8921436125,,2.11E+12
0.963619853,,1.39E+11
0.6968961758,,0
0,,4.64E+12
0.0006981195835,,3.60E+12
0.9896820167,,6.69E+11
0.5862806538,,3.44E+12
0.1879167202,,55357065814
0.3631926046,,3.40E+12
0.3858139197,,0
0.7141280632,,4.42E+12
0.2950669568,,1.67E+11
0.9584123489,,3.68E+11
0.5157876664,,1.87E+11
0.995523654,,7.95E+11
0.9939616749,,1.24E+12
0.806558033,,59010202941
0.6521109807,,1.79E+11
0.9986798924,,7.22E+12
0.8186373234,,5.78E+12
0.6052834074,,2.97E+12
0.355131521,,1.07E+13
0.4329321143,,4.50E+12
0.02499108832,,8.95E+11
0.4341646495,,2.61E+12
0.8565860864,,0
0.9229504834,,1.55E+12
0.9461730981,,1.45E+13
0.6508306398,,1.47E+11
0.9629797791,,0
0.0001673538301,,2.83E+12
0.9866165229,,7.72E+12
0.0000003972472609,,1.47E+12
0.9742336539,,7.61E+11
0.0001922778443,,1.12E+11
0.2305984294,,5.47E+11
0.00000058632385,,42179917506
0.6275400161,,6.19E+12
0.8371664355,,1.22E+11
0.9051354292,,0
0.873188205,,2.73E+12
0.4052240145,,4.48E+11
0.2481418986,,1.34E+11
0.7662005592,,2.32E+11
0.9024228951,,0
0.7141280632,,2.62E+12
0.9701814188,,6.69E+11
0.6596793576,,0
0.9999989895,,0
0.9827926019,,7.17E+11
0.6547252802,,3.06E+11
0.840925356,,0
0.992883106,,1.63E+11
0.0000000001745453911,,5.00E+12
0.445293863,,7.52E+11
0.9972109311,,73457738577
0.9977786894,,4.34E+11
0.997274792,,53328578518
0.9961047387,,2.48E+11
0.3327936291,,0
0.8395585735,,0
0.9999984235,,1.09E+12
0.5149571839,,7.51E+11
0.9777775215,,8.80E+11
0.6423049259,,0
0.8011657117,,0
0.6154885842,,59997660223
0.8999781207,,2.29E+12
0.6631548418,,2.23E+11
0.4462926015,,1.73E+12
0.9500637118,,3.79E+12
0.8547768855,,2.89E+12
0.7653665852,,1.15E+12
0.9804661773,,0
0.02183160307,,2.50E+11
0.9999997378,,1.05E+12
0.9792478033,,89535431416
0.9999998476,,2.09E+12
0.9527904829,,4.11E+12
0.9969395165,,42743441681
0.9999993607,,2.53E+11
0.4006832733,,2.56E+11
0.1405142402,,41372985720
0.1273467926,,1.93E+11
0.7897978632,,2.69E+11
0,,1.38E+12
0.9957712985,,39987006730
0.99557384,,0
0.3624137173,,0
0.7310317558,,1.18E+12
0.997248056,,81590289696
0.7569162512,,3.13E+12
0.9799567875,,55766320420
0.4213286665,,3.54E+11
0.8343592606,,1.86E+12
0.9238667439,,0
0.08396233817,,5.34E+11
0.9903678457,,0
0.7253460429,,6.42E+12
0.9998564807,,1.04E+12
0.3858139197,,6.92E+11
0.6001949592,,4.42E+12
0.9962247256,,0
0.115709181,,5.00E+12
0.1911902983,,0
0.9996794568,,3.69E+12
0.0183594627,,2576025
0.8170007403,,86650754619
0.8981724262,,2.91E+12
0.620034653,,5.70E+12
0.900556333,,6368108802
0.3327936291,,7.82E+11
0.0002475439202,,4.61E+11
0.999996692,,1003305625
0.948268944,,0
0.9113572251,,6.55E+12
0.1089875288,,3.44E+12
0.5300118961,,6.33E+12
0.9944663121,,1.39E+12
0.005479711819,,30462149464
0.2948341948,,94856173041
0.9999208817,,2.53E+13
0.9992863073,,2.00E+11
0.9989110988,,9.35E+11
0.5399368858,,3.12E+12
0.005482863331,,6.04E+12
0.9741950648,,519366200
0.6170963739,,17574103.69
0.8900258704,,1.31E+12
0.6548124579,,8.73E+11
0.8840152666,,2.91E+12
0.9999271099,,0
0.9938438948,,2.44E+12
0.0000000001572179958,,1.69E+12
0.9952652204,,6.92E+11
0,,2.15E+12
0.999995767,,0
0.5105600569,,89426117764
0.1277535868,,8.91E+11
0.3205036427,,0
0.9999981547,,0
0.8275767304,,2.86E+11
0.882938826,,0
0.001457493528,,486203386.2
0.6054628112,,6.62E+11
0.7708819576,,1.90E+12
0.844285391,,2.35E+11
0.8799085796,,2.57E+12
0,,2.89E+12
0.820839368,,1.82E+12
0,,7.60E+12
0.8952619056,,9.66E+11
0.9012235968,,7.30E+11
0.9994674099,,0
0.6254640298,,2.24E+12
0.7253511531,,4.47E+11
0.3090345792,,1.67E+12
0.7911409451,,1.23E+13
0.824210364,,54852320886
0.3475376625,,2.06E+12
0.7890805889,,6.07E+11
0.3624137173,,6.76E+12
0.9536875435,,5.01E+12
0.6845194197,,3.28E+12
0.5065200918,,3.45E+12
0.9557758158,,2.36E+12
0.3944516892,,1.46E+12
0.3910448432,,0
0.9475729694,,5.03E+12
0.1698259491,,0
0.1614642816,,4.57E+11
0.01025596303,,3.82E+12
0.5859410074,,0
0.933142896,,0
0.3508013397,,1.42E+12
0.9999279989,,1.57E+12
0.6339899037,,3.22E+12
0.01819624192,,7.77E+11
0.914749551,,2.92E+12
0.2333232033,,0
0.1255706233,,4.39E+12
0.5718160799,,1.58E+12
0.861670596,,9.38E+11
0.1414038405,,2.08E+12
0.8564408918,,457272832.7
0.6956798835,,7.60E+12
0.5349864672,,1.44E+12
0.1786959566,,0
0.9265469443,,3.48E+12
0.8166089011,,0
0.01638917412,,1.09E+12
0.97470414,,3.01E+12
0.9370454501,,3.85E+12
0.9212181138,,0
0.846350623,,2.51E+12
0.6968961758,,1.58E+12
0.1272943765,,6.01E+12
0.1546175377,,5.78E+12
0.1916307362,,2.73E+12
0.8289585786,,37468764192
0.6940970176,,3.84E+12
0.06175227506,,1.54E+12
0.9060459711,,1.86E+12
0.9968776056,,1.70E+12
0.1864840253,,1.06E+12
0.8283805429,,1.97E+12
0.9962247256,,5719131747
0.6596793576,,1.78E+11
0.4450762215,,5.07E+12
0.9242528522,,2.40E+11
0.9848256092,,2.86E+11
0.6773589034,,2.36E+12
0.6371717966,,7.41E+12
0.7743807895,,6711087099
0.994657511,,1.39E+12
0.8706366367,,2.11E+12
0.8448074872,,1.80E+12
0.1495760003,,1.97E+12
0.9993178052,,6.22E+12
0.002277106352,,2.44E+12
0.9983652568,,8.45E+12
0.8774326629,,2.34E+12
0.04812273987,,1.77E+11
0.1614705036,,2.69E+11
0.5531520781,,71192379929
0.4453709447,,1.80E+12
0.919204365,,80037310766
0.3157955397,,1.55E+11
0.1876507041,,6.87E+12
0.75578183,,2.08E+13
0.9946514907,,4.58E+11
0.1165884259,,1.37E+12
0.09905099645,,1.16E+12
0.5781078675,,5.93E+12
0.9930130008,,1.67E+13
0.5250902948,,6.66E+11
0.997498621,,7.31E+12
0.01514300082,,2.24E+12
0.6556382476,,1.36E+13
0.7681263236,,4.83E+12
0.0006332976969,,2.66E+11
0.4826806958,,1.08E+13
0.8981453117,,0
0.01131360311,,5.67E+11
0.00002175851011,,1.88E+12
0.9744128397,,4.18E+12
0.9568790124,,0
0.77265166,,2.72E+12
0.5318297732,,16062267169
0.005603594298,,4.69E+12
0.9985291842,,1.60E+12
0.8251766136,,0
0.8555878392,,4.73E+11
0.8631538881,,2.69E+12
0.981611349,,0
0.9779546665,,62858485227
0.004641531654,,6.41E+11
0.9792593306,,78302517481
0.9801406182,,1.62E+11
0.8029367523,,0
0.7790012061,,1.01E+11
0.8446412726,,4.02E+11
0.9920832718,,3.22E+12
0.3004444262,,7.14E+11
0.9089142278,,1.69E+12
0.9867779949,,8.80E+11
0.7929590861,,2.06E+12
0.9602365066,,1.01E+12
0.9287765721,,1.53E+12
0.9498585968,,7.72E+11
0.00464500844,,5.13E+11
0.02303763549,,2.32E+11
0.9827988139,,4.16E+11
0.9227643711,,1.22E+11
0.2333232033,,1.10E+12
0.9568947799,,1.95E+12
0.9882269575,,1518855756
0.9551179979,,0
0.5518704916,,1.10E+12
0.9483351923,,42694263442
0.9999984811,,1.37E+12
0.7863089713,,1.14E+11
0.994657511,,3.26E+12
0,,89308334025
0.9734728203,,0
0.9233315486,,6.11E+11
0.1024438779,,1.14E+12
0.7845323152,,1.64E+11
0.9203586694,,5.87E+12
0.5658918274,,82303359703
0.8906784392,,0
0.9944663121,,1.21E+12
0.6631548418,,2.00E+11
0.9743277143,,8.26E+11
0.9999986374,,16465182891
0.8920593097,,8.07E+11
0.8379646187,,8.76E+11
0.694054207,,6.62E+11
0.8646952961,,77790937171
0.8943270888,,6.95E+11
0.9841902876,,0
0.8722769142,,2.44E+12
0.9986363159,,0
0.9981979381,,1.09E+12
0.6510019579,,0
0.4038596122,,49722534604
0.900654324,,3.65E+11
0.8803284997,,94526880291
0.3274273714,,3.04E+11
0.9369693961,,6.98E+11
0.9873983352,,3.83E+11
0.8422017785,,2.44E+12
0.1829209714,,2.35E+12
0.9960224679,,6.71E+11
0.8528227242,,8.24E+11
0.9947633208,,3.37E+12
0.01144967817,,1.32E+11
0.3935670311,,2.95E+12
0.7425940839,,5.62E+12
0.9329587846,,6.85E+11
0.06553187429,,3.36E+12
0.9098570865,,9.25E+11
0.4915653317,,8.31E+12
0.0352482383,,2.44E+11
0.658567007,,1.55E+11
0.9938756791,,0
0.8592591528,,43003561129
0.9941975707,,0
0.8797153606,,87116474025
0.7472099429,,2.93E+12
0.921607563,,1.96E+11
0.8205921812,,1.69E+12
0.4341646495,,225
0.8232843713,,1.01E+12
0.919204365,,0
0.6343062102,,2.83E+12
0.9940991794,,0
0.9999993989,,4.71E+12
0.08241065308,,4.47E+12
0.9999979963,,2.56E+11
0.4403541263,,0
0.4989696152,,0
0.996641034,,61394825335
0.3737452186,,1.62E+12
0.8408293569,,7983725542
0.9822777197,,9.20E+11
0.9832927721,,1.28E+12
0.9907143796,,1.31E+12
0.8900258704,,0
0.2735094755,,25983959269
0.9792478033,,1.41E+11
0.9999982307,,57806337021
0.9989338115,,20916496505
0.9664417184,,2.48E+12
0.8428594935,,182.25
0.6069916854,,4.39E+11
0.9871954583,,2.62E+11
0.8803284997,,9.96E+11
0.0000004820612932,,5.92E+12
0.5807494685,,3.09E+11
0.9924556499,,3010225
0.9789229843,,3.36E+11
0.000005228432469,,3.70E+11
0.9483516427,,1.42E+12
0.9921769624,,4.18E+11
0,,6.71E+11
0.03753416443,,80094894819
0.04120508486,,0
0.602885098,,2.24E+11
0.9988505495,,2.49E+12
0.6131751671,,2.65E+12
0.07311656587,,1.24E+11
0.6492343699,,5.89E+11
0.8609421658,,1.75E+11
0.9698758204,,4.66E+13
0,,97790858789
0.9979061035,,1.58E+12
0.9989116161,,1.15E+12
0.1490680356,,34273096156
0.6339899037,,0
0.9760010923,,56406.25
0.458872269,,0
0.999520461,,0
0.2108289362,,71246672949
0.8034550268,,1.08E+13
0.9826805672,,3.82E+12
0.9960360004,,6.66E+11
0.9999994658,,6.66E+11
0.4328375646,,3.51E+11
0.9876692954,,0
0.9919060292,,1.73E+12
0.9915601315,,97782292220
0.9932318066,,0
0.4450762215,,97647631807
0.8760909891,,5442144627
0,,0
0.9910386128,,2.08E+12
0.6077283317,,6.57E+12
0.9995712978,,0
0.1739765422,,3.48E+12
0.004579454773,,89862652441
0.0002475439202,,1.68E+13
0.9933078689,,0
0.9978791154,,2.98E+12
0.9342562973,,7188949545
0.974164694,,2.23E+11
0,,0
0.9956222543,,3949041091
0.9743277143,,0
0.0000004468557532,,1.53E+11
0.9785953458,,14385439591
0.9969200715,,2.37E+12
0.2735094755,,13312079959
0.7255936796,,89308334025
0.05926838656,,7.15E+11
0.8446412726,,0
0.9982365174,,72230757376
0.02641150583,,4.47E+12
0.9962905817,,0
0.9964655002,,0
0.1613897957,,0
0.9999999513,,2.47E+12
0.9981347542,,1.27E+11
0.4646278731,,5.82E+11
0,,65670018484
0.8678662372,,51788302903
0.9989589644,,1.54E+12
0.9999917675,,1.24E+13
0.3927233606,,9989003025
0.5955151033,,15533363007
0.999999542,,1.33E+12
0.9680584347,,4.43E+12
0.3516551765,,1.06E+12
0.592892814,,2.30E+12
0.02336744395,,7.17E+11
0.9742336539,,3.81E+11
0.9280095416,,6.27E+12
0.7681263236,,1.67E+11
0.5118325309,,8.51E+11
0.9134176481,,6.03E+12
0.9336674075,,3.48E+12
0.8252685315,,73457738577
0.0465050727,,0
0.2877678439,,0
0.7953941297,,2.53E+12
0.997777573,,33586037791
0.169513901,,1.25E+12
0.9974529032,,6.97E+11
0.9911928616,,5.70E+12
0.9962898144,,5.64E+12
0.5105600569,,1.62E+11
0.9018388001,,87778292292
0.4646278731,,3.37E+12
0.99557384,,3.21E+12
0.2060460218,,1.94E+12
0.9999869517,,3.58E+12
0.1935300394,,5.67E+11
0.6555482611,,3.65E+12
0.969543696,,2.41E+11
0.4348884317,,0
0.9232453674,,85774889765
0.9810729896,,2.32E+12
0.7425940839,,12794656.5
0.04032815268,,1.98E+12
0.9961108975,,3.57E+11
0.9342788688,,2.24E+12
0.001137155724,,1.15E+12
0.7106810239,,8.26E+11
0.4034530529,,1.49E+11
0.9926289637,,0
0.6867583577,,0
0.9901868373,,77579708610
0.3490760984,,5.91E+12
0.2181388512,,1.46E+12
0.9989116161,,3.55E+11
0.9999943825,,3.60E+12
0.8916398539,,25983959269
0.9974107446,,3.20E+11
0.3908578103,,1.03E+11
0.9942960251,,1.33E+11
0.07017994101,,9.02E+11
0.1256341976,,1.07E+12
0.9395339818,,70064881829
0.00000001513488771,,7.30E+12
0.9937011759,,26176009.5
0.005814135678,,1.72E+11
0.8564408918,,6.59E+11
0.9994650972,,69229215473
0.9913522139,,73492222149
0.6938399911,,3.49E+11
0.9986884162,,1.69E+12
0.8731373978,,2.36E+12
0.8068925874,,2.25E+12
0.71064012,,2.58E+13
0.9354576462,,88762482928
0.9077646819,,0
0.9622341955,,32952253956
0.9930914963,,4.01E+11
0.9882594675,,1.68E+13
0.9990836165,,26897297960
0.9971054901,,2.55E+11
0.9981806194,,29007461005
0.9739927831,,1.47E+11
0.9924388972,,1.62E+11
0.6542326102,,6.97E+11
0.9823694195,,6.42E+11
0.5955151033,,0
0.9930837839,,3.55E+11
0.9552603078,,76392515041
0.9905354095,,4.47E+11
0.9974049126,,3.53E+13
0.9799915185,,2.28E+11
0.9905956603,,88616855571
0.9921851466,,3.37E+11
0.9730766087,,5842977496
0.9999976635,,0
0.9551179979,,515308248
0.9963064359,,62959809392
0.9943227227,,1.96E+11
0.9980477098,,37045613908
0.97470414,,31383069614
0.005956864264,,50929904361
0.9998367003,,4.46E+11
0.9826019234,,2.04E+11
0.3309154389,,4.24E+12
0.9991358187,,9.88E+11
0.9975833699,,1.24E+11
0.9051354292,,1.30E+11
0.5300791569,,0
0.77265166,,7.95E+11
0.9926576501,,7463404881
0.3916704162,,2.76E+11
0.9756697539,,2.98E+12
0.7694307882,,2.48E+11
0.9996598945,,0
0.7893280721,,3.50E+12
0.6262640957,,8.56E+11
0.2560650909,,44019577300
0.882938826,,38630642926
0.9238667439,,0
0.3927233606,,4.61E+11
0.3949897711,,5.71E+11
0.9960923324,,3.37E+12
0.6609114424,,0
0.4908832916,,1.69E+11
0.9960637963,,6.05E+11
0.8592591528,,2.23E+11
0.8178597448,,66295539342
0.7540697652,,10335808524
0.8899276524,,74877348296
0.9595427578,,6.05E+12
0.913221057,,3.13E+11
0.3511261883,,1.21E+12
0.9479265853,,3.41E+12
0.04014534149,,2.74E+11
0.9960360004,,29700298561
0.8888893634,,6.52E+11
0.8591668331,,1.23E+13
0.9944145483,,8.76E+11
0.0006645516809,,97428640455
0.004139020574,,1.29E+13
0.8482385356,,1.21E+12
0.9918374582,,3634907855
0.9988052126,,1.18E+11
0.7449808725,,57806337021
0.04431002946,,4.74E+12
0.9892137594,,1.15E+12
0.71064012,,5.84E+11
0.001736951144,,3.02E+12
0.2311541912,,1.15E+11
0.01638917412,,1.06E+12
0.8574111205,,8.04E+11
0.9002663268,,9.67E+12
0.9974992009,,0
0.7648805964,,2.11E+12
0.09516206409,,6747965316
0.9878134272,,37415283270
0.9982935375,,1.09E+12
0.06041869837,,0
0.5395892077,,1110916
0.8900100939,,1.66E+12
0.7808663191,,6.84E+12
0.000002796359399,,3.02E+11
0.05167096753,,4.40E+12
0.0006981195835,,0
0.9335403001,,5.47E+11
0.06175227506,,0
0.01380695052,,39987006730
0.9915521768,,2.25E+13
0.9216139101,,6.75E+12
0.999989529,,5.46E+11
0.0006424818422,,0
0.9817388727,,17836328531
0,,61763506211
0.2920382669,,2.15E+12
0.09697557274,,70064881829
0.9979336689,,4.85E+12
0.9992399277,,24589929798
0.9996249015,,1.15E+11
0.8170007403,,0
0.9972109311,,3.31E+11
0.8564771351,,4.42E+12
0.02894882841,,1.04E+12
0.9999967369,,3.36E+12
0.04786001694,,5.31E+12
0.05254981815,,26123363295
0.07985109957,,6.90E+12
0.2066199402,,2866249
0.8189772111,,1.03E+12
0.99999622,,5.04E+12
0.8879638181,,4.39E+12
0.1024438779,,3.36E+12
0.5578590482,,4.56E+11
0.9948435959,,15609378906
0.00000001336303628,,1.81E+12
0.9952501452,,17899698409
0.3507924472,,7.46E+12
0.993635556,,0
0.1218267695,,2.13E+12
0.2225685064,,2.74E+11
0.996641034,,3.84E+11
0.3876690434,,34273096156
0.9386282785,,29527932955
0.9988812936,,76282434528
0.534430175,,9.45E+11
0,,0
0.2796570206,,1.86E+12
0.8839709805,,1.38E+13
0.2590587662,,2.01E+12
0.990068091,,9.79E+12
0.997777573,,1.17E+11
0.6254640298,,0
0.07489847316,,7829276588
0.9985024458,,7.48E+11
0.6683301535,,2.27E+12
0.009593350145,,0
0.9987591293,,1.08E+13
0.4528849269,,1.86E+12
0.7694307882,,0
0.9716301759,,8.08E+12
0.9324432159,,82139728661
0.4082139977,,0
0.1082050951,,1.31E+12
0.2305984294,,1.54E+11
0.01131360311,,7.22E+12
0.9999943262,,0
0.6683301535,,0
0.4612492118,,13242321
0.607885702,,8.80E+11
0.7564944879,,3.63E+12
0.9999997719,,6.33E+12
0.3205036427,,3.65E+12
0.7569162512,,0
0.647548023,,3.13E+11
0.9034473106,,0
0.4887031082,,2.27E+12
0.4915653317,,6.50E+11
0.1639889422,,61880542564
0.4822695293,,8.75E+11
0.9999992383,,2.44E+12
0.458872269,,0
0.6459827846,,4.80E+12
0.3786665576,,9.96E+11
0.7608399744,,1.65E+12
0.911249383,,4.09E+12
0.6938399911,,1.04E+12
0.5937005085,,5.31E+12
0.2238132237,,0
0.5937916811,,8.45E+12
0.9002663268,,0
0.3561540695,,1.79E+12
0.6156164847,,0
0.735064589,,6.41E+12
0.8921436125,,1.91E+11
0.02498519628,,1.76E+11
0.846350623,,4.37E+11
0.01272017969,,0
0.934078255,,8.95E+11
0.9921789302,,1.84E+12
0.368671862,,6.93E+11
0.9754297233,,1.15E+12
0.7808663191,,0
0.4413540641,,2.01E+13
0.94157684,,2.73E+12
0.8631549203,,5.10E+11
0.7633399728,,6.84E+11
0.7662005592,,1.08E+13
0.8678342204,,3.57E+11
0.7733540627,,1.84E+11
0.9695252222,,29700298561
0.9639026724,,2.19E+11
0.1562821466,,1.00E+12
0.9602333427,,64827611311
0.9483351923,,17682528570
0.1989959991,,6.43E+11
0.4795920891,,61880542564
0.3184282201,,6.61E+12
0.5969729934,,7.54E+11
0.9813473897,,7.98E+11
0.8440738481,,1.68E+12
0.8395508861,,1.35E+13
0.2238572614,,3.65E+11
0.921607563,,4.74E+11
0.9999990265,,0
0.9866977386,,7.02E+11
0.9583232573,,4.02E+12
0.0000008699710088,,1.77E+12
0.0000002467641682,,3.70E+11
0.9856904412,,6.75E+12
0.7552670356,,8.07E+11
0.9989870714,,1.41E+12
0.01958604567,,1.47E+11
0.09482769238,,2.89E+11
0.8395318462,,1.03E+12
0.9680584347,,0
0.09338419276,,767496.75
0.7693050603,,26670482721
0.1082050951,,1.23E+12
0.852763404,,75143789938
0.5251770187,,1.42E+11
0.9826183627,,1.80E+12
0.9991358187,,1.40E+12
0.9988820646,,0
0.9659816068,,2.05E+12
0.7529425367,,0
0.7201042308,,6.23E+12
0.1753551129,,0
0.0000008699710088,,5803011506
0.9982312522,,1.24E+13
0.3753060283,,0
0.9946514907,,1.00E+13
0.9995744451,,1.19E+13
0.534430175,,0
0.8755234604,,1.34E+13
0.1764871891,,8.08E+12
0.175295241,,9.85E+12
0.5726069703,,37415283270
0.4051031977,,0
0.9999271099,,1.01E+13
0.02641150583,,1.34E+13
0.9999993607,,8.85E+12
0.0000002327779288,,16062267169
0.01989342531,,3.93E+12
0.0201356781,,5.82E+12
0.9944145483,,7.62E+12
0.9873983352,,0
0.9999994253,,43003561129
0.6038220307,,1.36E+12
0.7061224136,,0
0.5969729934,,7.67E+11
0.355131521,,1.03E+12
0.7507078249,,4.50E+12
0.9983652568,,2.03E+12
0.1805782218,,1.73E+12
0.4919171905,,1.19E+13
0.7335269171,,5.26E+12
0.2549321459,,3.04E+12
0.7281889887,,0
0.8837964411,,34133540027
0.9989110988,,7.81E+12
0.7653665852,,30462149464
0.3499057277,,1.03E+12
0.8752406389,,1.98E+12
0.956202252,,18399680512
0.9410984517,,6.93E+11
0.5968431717,,2.74E+11
0.9981979381,,1.55E+12
0.8999970752,,9.39E+12
0.5356403845,,3.47E+12
0.9993460886,,5.19E+12
0.8777137219,,1.04E+12
0.0166224188,,1.71E+12
0.9498494405,,0
0.5112469999,,1.68E+12
0.8662902365,,1.25E+11
0.9483516427,,49722534604
0.5739998666,,4.08E+12
0.8905272768,,1.49E+12
0.7529425367,,1.41E+12
0.09010583747,,0
0.9979296347,,1.13E+12
0.334707785,,3.36E+11
0.9970897843,,1.28E+12
0.06386610303,,4.26E+12
0.2159290787,,7.58E+11
0.7106810239,,3.17E+13
0.2586423649,,2.05E+12
0.4330261746,,2.16E+11
0.4371184927,,0
0.5414558884,,9.06E+11
0.001557048066,,8.28E+12
0.9535100264,,4.11E+12
0.9595427578,,71192379929
0.06468428986,,5.82E+12
0.1532214097,,6.71E+12
0.9832208483,,54927532154
0.9948764281,,26382530329
0.9865095793,,2.78E+11
0.724530669,,19709612396
0.9915777102,,19504130366
0.9977095976,,15689169672
0.9920553769,,31383069614
0.973506108,,0
0.9973361122,,45358401402
0.2804799572,,6.23E+11
0.9883069119,,1.22E+11
0.9895975907,,1.56E+11
0.9218240831,,6.14E+12
0.9493280642,,42340832970
0.9949246991,,67947585294
0.9981702552,,1.44E+12
0.9941139922,,0
0.994014217,,98281265817
0.1399218747,,54401025517
0.9688457157,,37531675453
0.9867779949,,2.15E+12
0.9947497149,,0
0.9900347405,,5.51E+11
0.9982710604,,33207100319
0.9557758158,,2.13E+11
0.9999985285,,55704344938
0.9718106259,,1.05E+12
0.9913127936,,4.64E+11
0.9974049126,,1.02E+11
0.9956357262,,9550961487
0.00002175851011,,19861698973
0.06873641659,,7.52E+11
0.1264848865,,0
0.06026965538,,2.18E+11
0.4213286665,,7.67E+11
0.658567007,,5.71E+11
0.9386133198,,1.66E+13
0.001557048066,,1.03E+12
0.9980699893,,1.21E+12
0.8034550268,,81539438989
0.8674876504,,0
0.8219442077,,0
0,,3.48E+11
0.9959963297,,3.12E+12
0.875427885,,2.40E+11
0.09516206409,,24798603271
0.3892211262,,1.07E+12
0.368671862,,14842721771
0.3356160654,,5.37E+12
0.08323135989,,0
0.6940970176,,68359146959
0.9999986147,,0
0.4744480396,,82883515866
0.9999994972,,2.23E+11
0.9924216123,,0
0,,7.43E+12
0.4701714444,,19141603888
0.7962042343,,0
0.7726634386,,1003305625
0.803419991,,3.21E+12
0.9996794568,,0
0.9910386128,,3.85E+11
0.0000000001745453911,,2.23E+11
0.9918636203,,1.16E+12
0.9999999001,,2.04E+12
0.9540150705,,2.91E+12
0.7411954868,,56644
0.3228884553,,1.55E+12
0.9233315486,,1.00E+12
0.06072909365,,6.62E+11
0.8228850249,,0
0.9430982331,,0
0.7335269171,,4.49E+12
0.2695977907,,0
0.9572980565,,2.48E+12
0.9959299916,,8.57E+12
0.4403541263,,2.27E+12
0.006039178487,,2.16E+12
0.8371092263,,1.14E+13
0.9927161283,,1.53E+13
0.9931931997,,2.84E+11
0.9985145735,,0
0.4880253056,,1.39E+11
0.2877678439,,3.42E+12
0.5940071402,,5.72E+11
0.5348328072,,1.80E+12
0.07043177583,,16103863801
0.9756697539,,7.71E+11
0.6568478352,,1.06E+12
0.8631549203,,2.78E+11
0.8763386547,,68431703245
0.002591377486,,6.63E+11
0.6932510466,,2.94E+12
0.1879167202,,7.72E+12
0.9692134387,,0
0.1864840253,,8.43E+11
0.9126109013,,0
0.9935288139,,41372985720
0.3505526532,,2.62E+11
0.996235094,,8.48E+11
0.7726634386,,2.87E+12
0.9979336689,,1.22E+11
0.7372474501,,6.09E+12
0.9993411913,,71502559101
0.9982879189,,2.91E+12
0.620034653,,0
0.997274792,,1.03E+11
0.004579454773,,0
0.3316347481,,0
0.01848680002,,4.99E+12
0.9999966999,,25774061541
0.8134175462,,1.15E+12
0.2509632371,,2.27E+12
0.9425215771,,3516371194
0.686757789,,2.34E+12
0.7723532856,,2.01E+12
0.0005335015629,,1.72E+12
0.5658918274,,1.65E+12
0.4481751276,,26370099303
0.9873017771,,8.33E+11
0.5596237055,,4.26E+12
0.5242320342,,8.07E+11
0.2549321459,,8.86E+11
0.9920262805,,3.22E+12
0.0001908209988,,3.37E+12
0.9187890923,,1.01E+12
0.0003611871564,,2.13E+12
0.4496913877,,1.45E+12
0.9822777197,,14021677600
0.8941661033,,1.88E+12
0.9692936858,,0
0.9989367063,,2.70E+11
0.009869672384,,1.47E+12
0.05855403279,,1.75E+11
0.3794163258,,2.38E+11
0.007388448902,,0
0.4968056076,,2.01E+11
0.9320123589,,3.45E+11
0.7435031872,,6.05E+12
0.988967129,,29527932955
0.9911928616,,4.88E+12
0.9261353586,,3.32E+12
0.824210364,,1.53E+12
0.2010620143,,1.97E+12
0.9993009286,,2.00E+12
0.607885702,,30631906586
0.9861747067,,5.59E+12
0.210476195,,8.34E+11
0.1264848865,,7.31E+12
0.4759409812,,5.55E+11
0.6262640957,,7.73E+11
0.9995725221,,1.47E+11
0.914026408,,4.16E+12
0.8503460557,,5.79E+12
0.9689195452,,0
0.9583232573,,2.89E+11
0.0002841754355,,1.73E+12
0.9461730981,,2.74E+12
0.9622228628,,3.65E+11
0.75578183,,1.87E+11
0.9228526124,,1.07E+12
0.5742035564,,2.73E+12
0.9820468742,,0
0.9739034623,,53328578518
0.8371092263,,1.14E+11
0.6936849053,,3.11E+12
0.9988812936,,3.08E+11
0.7472942913,,15289853553
0.01254199865,,1.45E+11
0.9989367063,,4.36E+11
0.9993038324,,7.67E+11
0.9988690551,,7.82E+11
0.8840152666,,87778292292
0.9969395165,,0
0.05926838656,,1.30E+12
0.9989864196,,2.78E+12
0.9688457157,,6.05E+11
0.9287761628,,1.16E+12
0.01850044496,,2.81E+11
0.007551539686,,0
0.7333410051,,1.06E+12
0.979949904,,3.58E+11
0.8209965487,,0
0.4446487657,,2.47E+11
0.9882113231,,26278606295
0.9369693961,,5.75E+11
0.05617193647,,6.93E+11
0.6566987996,,6.93E+11
0.9967478427,,0
0.6865434212,,2.19E+11
0.1249525871,,1.67E+12
0.8905272768,,4.64E+11
0.5314664183,,8.07E+11
0.9974002232,,3.96E+11
0.9980356609,,0
0.9703952851,,5.23E+11
0.6529872581,,18494978273
0.8269464427,,5.30E+12
0.9988505495,,1.68E+13
0.9999987629,,8.71E+11
0.9696657191,,1.23E+11
0.00464500844,,5.54E+11
0.3753060283,,20916496505
0.4693889181,,25774061541
0.7780100959,,2.76E+12
0.975364112,,57386287069
0.7664760265,,3.01E+11
0.01238355627,,7.89E+11
0.9632165841,,24589929798
0.5639848707,,0
0.9995156505,,0
0.9970770667,,9.47E+12
0.9974107446,,1063220.688
0.9758134014,,1.75E+12
0.914749551,,1.02E+11
0.9193313536,,23460575664
0.9992376205,,8.39E+11
0.3786665576,,5.42E+11
0.9993898375,,0
0.3509527228,,6642902016
0.8219442077,,1.39E+12
0.7880163315,,1.21E+13
0.8591668331,,9.85E+12
0.983185044,,76824358799
0.9785597703,,6.50E+11
0.01317071432,,2.68E+11
0.8395508861,,2.17E+12
0.9116828483,,1.79E+12
0.6956267461,,1.60E+12
0.4329321143,,1.49E+11
0.5531520781,,3.60E+12
0.497566496,,97647631807
0.9999999084,,0
0.9959299916,,1.01E+12
0.1218267695,,4.25E+11
0.6723348138,,6.03E+12
0.0003611871564,,0
0.07329445474,,2.15E+12
0.000006129864142,,2.73E+12
0.9969200715,,2.76E+11
0.02183160307,,82883515866
0.00000003568692349,,2.72E+12
0.8240580497,,36978310067
0.8061941322,,1.05E+13
0.9383273292,,0
0.9962252964,,1.45E+13
0.4038596122,,2.03E+12
0.2248599881,,6.93E+11
0.4782959287,,3.26E+12
0.5112469999,,0
0.994500069,,2.72E+13
0.04028756381,,1.05E+13
0.03753416443,,2.64E+12
0.2201349457,,4.71E+12
0.6529872581,,8.43E+11
0.9982312522,,5.21E+12
0.9967032507,,1.40E+12
0.9367549104,,0
0.9983418557,,6.73E+11
0.7918603568,,3.93E+13
0.2803551051,,53256950875
0.3490760984,,1.99E+11
0.003541552654,,3.84E+12
0.9999992383,,4.31E+11
0.2781176494,,1.25E+12
0.9479265853,,5803011506