time_window,id_pair
2004-07-19 12:00:00,"0,1"
2004-07-20 06:00:00,"0,2"
2004-07-20 12:00:00,"0,4"
2004-07-21 00:00:00,"0,5"
2004-07-21 06:00:00,"0,6"
2004-07-21 12:00:00,"0,7"
2004-07-22 00:00:00,"0,8"
2004-07-22 06:00:00,"0,9"
2004-07-22 12:00:00,"0,10"
2004-07-23 00:00:00,"0,11"
2004-07-23 06:00:00,"0,12"
2004-07-23 12:00:00,"0,13"
2004-07-26 06:00:00,"0,14"
2004-07-26 12:00:00,"0,15"
2004-07-26 18:00:00,"0,16"
2004-07-27 06:00:00,"0,17"
2004-07-27 12:00:00,"0,18"
2004-07-28 00:00:00,"0,19"
2004-07-28 06:00:00,"0,20"
2004-07-28 12:00:00,"0,21"
2004-07-29 06:00:00,"0,22"
2004-07-29 12:00:00,"0,23"
2004-07-30 06:00:00,"0,24"
2004-08-01 06:00:00,"0,25"
2004-08-02 06:00:00,"0,27"
2004-08-02 12:00:00,"0,28"
2004-08-02 18:00:00,"0,29"
2004-08-04 06:00:00,"0,30"
2004-08-04 12:00:00,"0,32"
2004-08-08 18:00:00,"0,35"
2004-08-09 00:00:00,"0,40"
2004-08-09 06:00:00,"0,42"
2004-08-09 12:00:00,"0,43"
2004-08-10 00:00:00,"0,44"
2004-08-10 06:00:00,"0,45"
2004-08-10 12:00:00,"0,46"
2004-08-11 00:00:00,"0,53"
2004-08-11 06:00:00,"0,54"
2004-08-11 12:00:00,"0,55"
2004-08-12 06:00:00,"0,56"
2004-08-12 12:00:00,"0,58"
2004-08-12 18:00:00,"0,59"
2004-08-13 00:00:00,"0,60"
2004-08-13 06:00:00,"0,61"
2004-08-13 12:00:00,"0,62"
2004-08-13 18:00:00,"0,66"
2004-08-14 00:00:00,"0,68"
2004-08-14 06:00:00,"0,69"
2004-08-14 12:00:00,"0,70"
2004-08-14 18:00:00,"0,71"
2004-08-15 06:00:00,"0,72"
2004-08-15 12:00:00,"0,75"
2004-08-15 18:00:00,"0,76"
2004-08-16 00:00:00,"0,79"
2004-08-16 06:00:00,"0,80"
2004-08-16 12:00:00,"0,81"
2004-08-16 18:00:00,"0,82"
2004-08-17 00:00:00,"0,83"
2004-08-17 06:00:00,"0,85"
2004-08-17 12:00:00,"0,86"
2004-08-17 18:00:00,"0,87"
2004-08-18 00:00:00,"0,88"
2004-08-18 06:00:00,"0,89"
2004-08-18 12:00:00,"1,2"
2004-08-18 18:00:00,"1,3"
2004-08-19 06:00:00,"1,4"
2004-08-19 12:00:00,"1,5"
2004-08-19 18:00:00,"1,6"
2004-08-20 00:00:00,"1,7"
2004-08-20 06:00:00,"1,8"
2004-08-20 12:00:00,"1,9"
2004-08-20 18:00:00,"1,10"
2004-08-21 06:00:00,"1,11"
2004-08-21 12:00:00,"1,12"
2004-08-21 18:00:00,"1,13"
2004-08-22 00:00:00,"1,15"
2004-08-22 06:00:00,"1,16"
2004-08-22 12:00:00,"1,17"
2004-08-22 18:00:00,"1,18"
2004-08-23 00:00:00,"1,19"
2004-08-23 06:00:00,"1,20"
2004-08-23 12:00:00,"1,21"
2004-08-23 18:00:00,"1,24"
2004-08-24 00:00:00,"1,25"
2004-08-24 06:00:00,"1,27"
2004-08-24 12:00:00,"1,28"
2004-08-24 18:00:00,"1,29"
2004-08-25 00:00:00,"1,30"
2004-08-25 06:00:00,"1,32"
2004-08-25 12:00:00,"1,35"
2004-08-25 18:00:00,"1,40"
2004-08-26 00:00:00,"1,42"
2004-08-26 06:00:00,"1,43"
2004-08-26 12:00:00,"1,44"
2004-08-26 18:00:00,"1,45"
2004-08-27 00:00:00,"1,46"
2004-08-27 06:00:00,"1,53"
2004-08-27 12:00:00,"1,54"
2004-08-27 18:00:00,"1,55"
2004-08-28 00:00:00,"1,56"
2004-08-28 06:00:00,"1,58"
2004-08-28 12:00:00,"1,59"
2004-08-28 18:00:00,"1,60"
2004-08-29 06:00:00,"1,61"
2004-08-29 12:00:00,"1,62"
2004-08-29 18:00:00,"1,66"
2004-08-30 00:00:00,"1,68"
2004-08-30 06:00:00,"1,69"
2004-08-30 12:00:00,"1,71"
2004-08-30 18:00:00,"1,72"
2004-08-31 00:00:00,"1,75"
2004-08-31 06:00:00,"1,76"
2004-08-31 12:00:00,"1,79"
2004-08-31 18:00:00,"1,80"
2004-09-01 00:00:00,"1,81"
2004-09-01 06:00:00,"1,82"
2004-09-01 12:00:00,"1,83"
2004-09-01 18:00:00,"1,85"
2004-09-02 00:00:00,"1,86"
2004-09-02 06:00:00,"1,87"
2004-09-02 12:00:00,"1,88"
2004-09-02 18:00:00,"1,89"
2004-09-03 00:00:00,"2,4"
2004-09-03 06:00:00,"2,5"
2004-09-03 12:00:00,"2,6"
2004-09-03 18:00:00,"2,7"
2004-09-04 00:00:00,"2,8"
2004-09-04 18:00:00,"2,9"
2004-09-05 06:00:00,"2,10"
2004-09-05 12:00:00,"2,11"
2004-09-06 00:00:00,"2,12"
2004-09-06 12:00:00,"2,13"
2004-09-07 00:00:00,"2,15"
2004-09-07 06:00:00,"2,16"
2004-09-07 12:00:00,"2,17"
2004-09-07 18:00:00,"2,18"
2004-09-08 00:00:00,"2,19"
2004-09-08 06:00:00,"2,20"
2004-09-08 12:00:00,"2,21"
2004-09-08 18:00:00,"2,23"
2004-09-09 00:00:00,"2,24"
2004-09-09 06:00:00,"2,25"
2004-09-09 12:00:00,"2,27"
2004-09-09 18:00:00,"2,28"
2004-09-10 00:00:00,"2,29"
2004-09-10 06:00:00,"2,30"
2004-09-10 12:00:00,"2,32"
2004-09-10 18:00:00,"2,35"
2004-09-11 00:00:00,"2,40"
2004-09-11 06:00:00,"2,42"
2004-09-11 12:00:00,"2,43"
2004-09-11 18:00:00,"2,44"
2004-09-12 00:00:00,"2,45"
2004-09-12 06:00:00,"2,46"
2004-09-12 12:00:00,"2,53"
2004-09-12 18:00:00,"2,54"
2004-09-13 00:00:00,"2,55"
2004-09-13 06:00:00,"2,56"
2004-09-13 12:00:00,"2,58"
2004-09-13 18:00:00,"2,59"
2004-09-14 00:00:00,"2,60"
2004-09-14 06:00:00,"2,61"
2004-09-14 12:00:00,"2,62"
2004-09-14 18:00:00,"2,66"
2004-09-15 00:00:00,"2,68"
2004-09-15 06:00:00,"2,69"
2004-09-15 12:00:00,"2,70"
2004-09-15 18:00:00,"2,71"
2004-09-16 00:00:00,"2,72"
2004-09-16 06:00:00,"2,75"
2004-09-16 12:00:00,"2,76"
2004-09-16 18:00:00,"2,79"
2004-09-17 00:00:00,"2,80"
2004-09-17 06:00:00,"2,81"
2004-09-17 12:00:00,"2,82"
2004-09-17 18:00:00,"2,83"
2004-09-18 00:00:00,"2,85"
2004-09-18 06:00:00,"2,86"
2004-09-18 12:00:00,"2,87"
2004-09-18 18:00:00,"2,88"
2004-09-19 00:00:00,"2,89"
2004-09-19 06:00:00,"3,6"
2004-09-19 12:00:00,"3,8"
2004-09-19 18:00:00,"3,12"
2004-09-20 00:00:00,"3,14"
2004-09-20 06:00:00,"3,16"
2004-09-20 12:00:00,"3,19"
2004-09-20 18:00:00,"3,20"
2004-09-21 00:00:00,"3,21"
2004-09-21 06:00:00,"3,22"
2004-09-21 12:00:00,"9,10"
2004-09-21 18:00:00,"9,11"
2004-09-22 00:00:00,"9,12"
2004-09-22 06:00:00,"9,13"
2004-09-22 12:00:00,"9,15"
2004-09-22 18:00:00,"9,16"
2004-09-23 00:00:00,"9,17"
2004-09-23 06:00:00,"9,18"
2004-09-23 12:00:00,"9,19"
2004-09-23 18:00:00,"9,20"
2004-09-24 00:00:00,"9,21"
2004-09-24 06:00:00,"9,24"
2004-09-24 12:00:00,"9,25"
2004-09-24 18:00:00,"9,27"
2004-09-25 00:00:00,"9,28"
2004-09-25 06:00:00,"9,29"
2004-09-25 12:00:00,"9,30"
2004-09-25 18:00:00,"9,32"
2004-09-26 00:00:00,"9,35"
2004-09-26 06:00:00,"9,40"
2004-09-26 12:00:00,"9,42"
2004-09-26 18:00:00,"9,43"
2004-09-27 00:00:00,"9,44"
2004-09-27 06:00:00,"9,45"
2004-09-27 12:00:00,"9,46"
2004-09-27 18:00:00,"9,53"
2004-09-28 00:00:00,"9,54"
2004-09-28 06:00:00,"9,55"
2004-09-28 12:00:00,"9,56"
2004-09-28 18:00:00,"9,58"
2004-09-29 00:00:00,"9,59"
2004-09-29 06:00:00,"9,60"
2004-09-29 12:00:00,"9,61"
2004-09-29 18:00:00,"9,62"
2004-09-30 00:00:00,"9,66"
2004-09-30 06:00:00,"9,68"
2004-09-30 12:00:00,"9,69"
2004-09-30 18:00:00,"9,71"
2004-10-01 00:00:00,"9,72"
2004-10-01 06:00:00,"9,75"
2004-10-01 12:00:00,"9,76"
2004-10-01 18:00:00,"9,79"
2004-10-02 00:00:00,"9,80"
2004-10-02 06:00:00,"9,81"
2004-10-02 12:00:00,"9,82"
2004-10-02 18:00:00,"9,85"
2004-10-03 00:00:00,"9,86"
2004-10-03 06:00:00,"9,87"
2004-10-03 12:00:00,"9,88"
2004-10-03 18:00:00,"10,11"
2004-10-04 00:00:00,"10,12"
2004-10-04 06:00:00,"10,13"
2004-10-04 12:00:00,"10,15"
2004-10-04 18:00:00,"10,16"
2004-10-05 00:00:00,"10,17"
2004-10-05 06:00:00,"10,18"
2004-10-05 12:00:00,"10,19"
2004-10-05 18:00:00,"10,20"
2004-10-06 00:00:00,"10,21"
2004-10-06 06:00:00,"10,24"
2004-10-06 12:00:00,"10,25"
2004-10-06 18:00:00,"10,27"
2004-10-07 00:00:00,"10,28"
2004-10-07 06:00:00,"10,29"
2004-10-07 12:00:00,"10,30"
2004-10-07 18:00:00,"10,32"
2004-10-08 00:00:00,"10,35"
2004-10-08 06:00:00,"10,40"
2004-10-08 12:00:00,"10,42"
2004-10-08 18:00:00,"10,43"
2004-10-09 00:00:00,"10,44"
2004-10-09 06:00:00,"10,45"
2004-10-09 12:00:00,"10,46"
2004-10-09 18:00:00,"10,53"
2004-10-10 00:00:00,"10,54"
2004-10-10 06:00:00,"10,55"
2004-10-10 12:00:00,"10,56"
2004-10-10 18:00:00,"10,58"
2004-10-11 00:00:00,"10,59"
2004-10-11 06:00:00,"10,60"
2004-10-11 12:00:00,"10,61"
2004-10-11 18:00:00,"10,62"
2004-10-12 00:00:00,"10,66"
2004-10-12 06:00:00,"10,68"
2004-10-12 12:00:00,"10,69"
2004-10-12 18:00:00,"10,71"
2004-10-13 00:00:00,"10,72"
2004-10-13 06:00:00,"10,75"
2004-10-13 12:00:00,"10,76"
2004-10-13 18:00:00,"10,79"
2004-10-14 00:00:00,"10,80"
2004-10-14 06:00:00,"10,81"
2004-10-14 12:00:00,"10,82"
2004-10-14 18:00:00,"10,83"
2004-10-15 00:00:00,"10,85"
2004-10-15 06:00:00,"10,86"
2004-10-15 12:00:00,"10,87"
2004-10-15 18:00:00,"10,88"
2004-10-16 00:00:00,"10,89"
2004-10-16 06:00:00,"11,12"
2004-10-16 12:00:00,"11,13"
2004-10-16 18:00:00,"11,14"
2004-10-17 00:00:00,"11,15"
2004-10-17 06:00:00,"11,16"
2004-10-17 12:00:00,"11,17"
2004-10-17 18:00:00,"11,18"
2004-10-18 00:00:00,"11,19"
2004-10-18 06:00:00,"11,20"
2004-10-18 12:00:00,"11,21"
2004-10-18 18:00:00,"11,23"
2004-10-19 00:00:00,"11,24"
2004-10-19 06:00:00,"11,25"
2004-10-19 12:00:00,"11,27"
2004-10-19 18:00:00,"11,28"
2004-10-20 00:00:00,"11,29"
2004-10-20 06:00:00,"11,30"
2004-10-20 12:00:00,"11,32"
2004-10-20 18:00:00,"11,35"
2004-10-21 00:00:00,"11,40"
2004-10-21 06:00:00,"11,42"
2004-10-21 12:00:00,"11,43"
2004-10-21 18:00:00,"11,44"
2004-10-22 00:00:00,"11,45"
2004-10-22 06:00:00,"11,46"
2004-10-22 12:00:00,"11,53"
2004-10-22 18:00:00,"11,54"
2004-10-23 00:00:00,"11,55"
2004-10-23 06:00:00,"11,56"
2004-10-23 12:00:00,"11,58"
2004-10-23 18:00:00,"11,59"
2004-10-24 00:00:00,"11,60"
2004-10-24 06:00:00,"11,61"
2004-10-24 12:00:00,"11,62"
2004-10-24 18:00:00,"11,66"
2004-10-25 00:00:00,"11,68"
2004-10-25 06:00:00,"11,69"
2004-10-25 12:00:00,"11,70"
2004-10-25 18:00:00,"11,71"
2004-10-26 00:00:00,"11,72"
2004-10-26 06:00:00,"11,75"
2004-10-26 12:00:00,"11,76"
2004-10-26 18:00:00,"11,79"
2004-10-27 00:00:00,"11,80"
2004-10-27 06:00:00,"11,81"
2004-10-27 12:00:00,"11,82"
2004-10-27 18:00:00,"11,83"
2004-10-28 00:00:00,"11,85"
2004-10-28 06:00:00,"11,86"
2004-10-28 12:00:00,"11,87"
2004-10-28 18:00:00,"11,88"
2004-10-29 00:00:00,"11,89"
2004-10-29 06:00:00,"12,13"
2004-10-29 12:00:00,"12,14"
2004-10-29 18:00:00,"12,15"
2004-10-30 00:00:00,"12,16"
2004-10-30 06:00:00,"12,17"
2004-10-30 12:00:00,"12,18"
2004-10-30 18:00:00,"12,19"
2004-10-31 00:00:00,"12,20"
2004-10-31 06:00:00,"12,21"
2004-10-31 12:00:00,"12,23"
2004-10-31 18:00:00,"12,24"
2004-11-01 00:00:00,"12,25"
2004-11-01 06:00:00,"12,27"
2004-11-01 12:00:00,"12,28"
2004-11-01 18:00:00,"12,29"
2004-11-02 00:00:00,"12,30"
2004-11-02 06:00:00,"12,32"
2004-11-02 12:00:00,"12,35"
2004-11-02 18:00:00,"12,40"
2004-11-03 00:00:00,"12,42"
2004-11-03 06:00:00,"12,43"
2004-11-03 12:00:00,"12,44"
2004-11-03 18:00:00,"12,45"
2004-11-04 00:00:00,"12,46"
2004-11-04 06:00:00,"12,53"
2004-11-04 12:00:00,"12,54"
2004-11-04 18:00:00,"12,55"
2004-11-05 00:00:00,"12,56"
2004-11-05 06:00:00,"12,58"
2004-11-05 12:00:00,"12,59"
2004-11-05 18:00:00,"12,60"
2004-11-06 00:00:00,"12,61"
2004-11-06 06:00:00,"12,62"
2004-11-06 12:00:00,"12,66"
2004-11-06 18:00:00,"12,68"
2004-11-07 00:00:00,"12,69"
2004-11-07 06:00:00,"12,70"
2004-11-07 12:00:00,"12,71"
2004-11-07 18:00:00,"12,72"
2004-11-08 00:00:00,"12,75"
2004-11-08 06:00:00,"12,76"
2004-11-08 12:00:00,"12,79"
2004-11-08 18:00:00,"12,80"
2004-11-09 00:00:00,"12,81"
2004-11-09 06:00:00,"12,82"
2004-11-09 12:00:00,"12,83"
2004-11-09 18:00:00,"12,85"
2004-11-10 00:00:00,"12,86"
2004-11-10 06:00:00,"12,87"
2004-11-10 12:00:00,"12,88"
2004-11-10 18:00:00,"12,89"
2004-11-11 00:00:00,"13,15"
2004-11-11 06:00:00,"13,16"
2004-11-11 12:00:00,"13,17"
2004-11-11 18:00:00,"13,18"
2004-11-12 00:00:00,"13,19"
2004-11-12 06:00:00,"13,20"
2004-11-12 12:00:00,"13,21"
2004-11-12 18:00:00,"13,22"
2004-11-13 00:00:00,"13,23"
2004-11-13 06:00:00,"13,24"
2004-11-13 12:00:00,"13,25"
2004-11-13 18:00:00,"13,27"
2004-11-14 00:00:00,"13,28"
2004-11-14 06:00:00,"13,29"
2004-11-14 12:00:00,"13,30"
2004-11-14 18:00:00,"13,32"
2004-11-15 00:00:00,"13,35"
2004-11-15 06:00:00,"13,40"
2004-11-15 12:00:00,"13,42"
2004-11-15 18:00:00,"13,43"
2004-11-16 00:00:00,"13,44"
2004-11-16 06:00:00,"13,45"
2004-11-16 12:00:00,"13,46"
2004-11-16 18:00:00,"13,53"
2004-11-17 00:00:00,"13,54"
2004-11-17 06:00:00,"13,55"
2004-11-17 12:00:00,"13,56"
2004-11-17 18:00:00,"13,58"
2004-11-18 00:00:00,"13,59"
2004-11-18 06:00:00,"13,60"
2004-11-18 12:00:00,"13,61"
2004-11-18 18:00:00,"13,62"
2004-11-19 00:00:00,"13,66"
2004-11-19 06:00:00,"13,68"
2004-11-19 12:00:00,"13,69"
2004-11-19 18:00:00,"13,70"
2004-11-20 00:00:00,"13,71"
2004-11-20 06:00:00,"13,72"
2004-11-20 12:00:00,"13,75"
2004-11-20 18:00:00,"13,76"
2004-11-21 00:00:00,"13,78"
2004-11-21 06:00:00,"13,79"
2004-11-21 12:00:00,"13,80"
2004-11-21 18:00:00,"13,81"
2004-11-22 00:00:00,"13,82"
2004-11-22 06:00:00,"13,83"
2004-11-22 12:00:00,"13,85"
2004-11-22 18:00:00,"13,86"
2004-11-23 00:00:00,"13,87"
2004-11-23 06:00:00,"13,88"
2004-11-23 12:00:00,"13,89"
2004-11-23 18:00:00,"14,15"
2004-11-24 00:00:00,"14,16"
2004-11-24 06:00:00,"14,18"
2004-11-24 12:00:00,"14,19"
2004-11-24 18:00:00,"14,20"
2004-11-25 00:00:00,"14,25"
2004-11-25 06:00:00,"14,26"
2004-11-25 12:00:00,"14,28"
2004-11-25 18:00:00,"14,31"
2004-11-26 00:00:00,"14,33"
2004-11-26 06:00:00,"14,36"
2004-11-26 12:00:00,"14,38"
2004-11-26 18:00:00,"14,39"
2004-11-27 00:00:00,"14,41"
2004-11-27 06:00:00,"14,42"
2004-11-27 12:00:00,"14,47"
2004-11-27 18:00:00,"14,48"
2004-11-28 00:00:00,"14,49"
2004-11-28 06:00:00,"14,50"
2004-11-28 12:00:00,"14,52"
2004-11-28 18:00:00,"14,55"
2004-11-29 00:00:00,"14,59"
2004-11-29 06:00:00,"14,63"
2004-11-29 12:00:00,"14,64"
2004-11-29 18:00:00,"14,67"
2004-11-30 00:00:00,"14,71"
2004-11-30 06:00:00,"14,73"
2004-11-30 12:00:00,"14,74"
2004-11-30 18:00:00,"14,78"
2004-12-01 00:00:00,"14,83"
2004-12-01 06:00:00,"14,84"
2004-12-01 12:00:00,"15,16"
2004-12-01 18:00:00,"15,17"
2004-12-02 00:00:00,"15,18"
2004-12-02 06:00:00,"15,19"
2004-12-02 12:00:00,"15,20"
2004-12-02 18:00:00,"15,21"
2004-12-03 00:00:00,"15,23"
2004-12-03 06:00:00,"15,24"
2004-12-03 12:00:00,"15,25"
2004-12-03 18:00:00,"15,27"
2004-12-04 00:00:00,"15,28"
2004-12-04 06:00:00,"15,29"
2004-12-04 12:00:00,"15,30"
2004-12-04 18:00:00,"15,32"
2004-12-05 00:00:00,"15,35"
2004-12-05 06:00:00,"15,40"
2004-12-05 12:00:00,"15,42"
2004-12-05 18:00:00,"15,43"
2004-12-06 00:00:00,"15,44"
2004-12-06 06:00:00,"15,45"
2004-12-06 12:00:00,"15,46"
2004-12-06 18:00:00,"15,53"
2004-12-07 00:00:00,"15,54"
2004-12-07 06:00:00,"15,55"
2004-12-07 12:00:00,"15,56"
2004-12-07 18:00:00,"15,58"
2004-12-08 00:00:00,"15,59"
2004-12-08 06:00:00,"15,60"
2004-12-08 12:00:00,"15,61"
2004-12-08 18:00:00,"15,62"
2004-12-09 00:00:00,"15,66"
2004-12-09 06:00:00,"15,68"
2004-12-09 12:00:00,"15,69"
2004-12-09 18:00:00,"15,70"
2004-12-10 00:00:00,"15,71"
2004-12-10 06:00:00,"15,72"
2004-12-10 12:00:00,"15,75"
2004-12-10 18:00:00,"15,76"
2004-12-11 00:00:00,"15,78"
2004-12-11 06:00:00,"15,79"
2004-12-11 12:00:00,"15,80"
2004-12-11 18:00:00,"15,81"
2004-12-12 00:00:00,"15,82"
2004-12-12 06:00:00,"15,83"
2004-12-12 12:00:00,"15,85"
2004-12-12 18:00:00,"15,86"
2004-12-13 00:00:00,"15,87"
2004-12-13 06:00:00,"15,88"
2004-12-13 12:00:00,"15,89"
2004-12-13 18:00:00,"16,17"
2004-12-14 00:00:00,"16,18"
2004-12-14 06:00:00,"16,19"
2004-12-14 12:00:00,"16,20"
2004-12-14 18:00:00,"16,21"
2004-12-15 00:00:00,"16,22"
2004-12-15 06:00:00,"16,23"
2004-12-15 12:00:00,"16,24"
2004-12-15 18:00:00,"16,25"
2004-12-16 00:00:00,"16,27"
2004-12-16 06:00:00,"16,28"
2004-12-16 12:00:00,"16,29"
2004-12-16 18:00:00,"16,30"
2004-12-17 00:00:00,"16,31"
2004-12-17 06:00:00,"16,32"
2004-12-17 12:00:00,"16,33"
2004-12-17 18:00:00,"16,35"
2004-12-18 00:00:00,"16,36"
2004-12-18 06:00:00,"16,38"
2004-12-18 12:00:00,"16,39"
2004-12-18 18:00:00,"16,40"
2004-12-19 00:00:00,"16,42"
2004-12-19 06:00:00,"16,43"
2004-12-19 12:00:00,"16,44"
2004-12-19 18:00:00,"16,45"
2004-12-20 00:00:00,"16,46"
2004-12-20 06:00:00,"16,47"
2004-12-20 12:00:00,"16,48"
2004-12-20 18:00:00,"16,49"
2004-12-21 00:00:00,"16,50"
2004-12-21 06:00:00,"16,52"
2004-12-21 12:00:00,"16,53"
2004-12-21 18:00:00,"16,54"
2004-12-22 00:00:00,"16,55"
2004-12-22 06:00:00,"16,56"
2004-12-22 12:00:00,"16,58"
2004-12-22 18:00:00,"16,59"
2004-12-23 00:00:00,"16,60"
2004-12-23 06:00:00,"16,61"
2004-12-23 12:00:00,"16,62"
2004-12-23 18:00:00,"16,63"
2004-12-24 00:00:00,"16,64"
2004-12-24 06:00:00,"16,66"
2004-12-24 12:00:00,"16,68"
2004-12-24 18:00:00,"16,69"
2004-12-25 00:00:00,"16,70"
2004-12-25 06:00:00,"16,71"
2004-12-25 12:00:00,"16,72"
2004-12-25 18:00:00,"16,73"
2004-12-26 00:00:00,"16,74"
2004-12-26 06:00:00,"16,75"
2004-12-26 12:00:00,"16,76"
2004-12-26 18:00:00,"16,78"
2004-12-27 00:00:00,"16,79"
2004-12-27 06:00:00,"16,80"
2004-12-27 12:00:00,"16,81"
2004-12-27 18:00:00,"16,82"
2004-12-28 00:00:00,"16,83"
2004-12-28 06:00:00,"16,84"
2004-12-28 12:00:00,"16,85"
2004-12-28 18:00:00,"16,86"
2004-12-29 00:00:00,"16,87"
2004-12-29 06:00:00,"16,88"
2004-12-29 12:00:00,"16,89"
2004-12-29 18:00:00,"17,18"
2004-12-30 00:00:00,"17,19"
2004-12-30 06:00:00,"17,20"
2004-12-30 12:00:00,"17,21"
2004-12-30 18:00:00,"17,23"
2004-12-31 00:00:00,"17,24"
2004-12-31 06:00:00,"17,25"
2004-12-31 12:00:00,"17,27"
2004-12-31 18:00:00,"17,28"
2005-01-01 00:00:00,"17,29"
2005-01-01 06:00:00,"17,30"
2005-01-01 12:00:00,"17,32"
2005-01-01 18:00:00,"17,35"
2005-01-02 06:00:00,"17,40"
2005-01-02 12:00:00,"17,42"
2005-01-02 18:00:00,"17,43"
2005-01-03 00:00:00,"17,44"
2005-01-03 06:00:00,"17,45"
2005-01-03 12:00:00,"17,46"
2005-01-03 18:00:00,"17,53"
2005-01-04 00:00:00,"17,54"
2005-01-04 06:00:00,"17,55"
2005-01-04 12:00:00,"17,56"
2005-01-04 18:00:00,"17,58"
2005-01-05 00:00:00,"17,59"
2005-01-05 06:00:00,"17,60"
2005-01-05 12:00:00,"17,61"
2005-01-05 18:00:00,"17,62"
2005-01-06 00:00:00,"17,66"
2005-01-06 06:00:00,"17,68"
2005-01-06 12:00:00,"17,69"
2005-01-06 18:00:00,"17,70"
2005-01-07 00:00:00,"17,71"
2005-01-07 06:00:00,"17,72"
2005-01-07 12:00:00,"17,75"
2005-01-07 18:00:00,"17,76"
2005-01-08 00:00:00,"17,78"
2005-01-08 06:00:00,"17,79"
2005-01-08 12:00:00,"17,80"
2005-01-08 18:00:00,"17,81"
2005-01-09 00:00:00,"17,82"
2005-01-09 06:00:00,"17,83"
2005-01-09 12:00:00,"17,85"
2005-01-09 18:00:00,"17,86"
2005-01-10 00:00:00,"17,87"
2005-01-10 06:00:00,"17,88"
2005-01-10 12:00:00,"17,89"
2005-01-10 18:00:00,"18,19"
2005-01-11 00:00:00,"18,20"
2005-01-11 06:00:00,"18,21"
2005-01-11 12:00:00,"18,23"
2005-01-11 18:00:00,"18,24"
2005-01-12 00:00:00,"18,25"
2005-01-12 06:00:00,"18,27"
2005-01-12 12:00:00,"18,28"
2005-01-12 18:00:00,"18,29"
2005-01-13 00:00:00,"18,30"
2005-01-13 06:00:00,"18,32"
2005-01-13 12:00:00,"18,35"
2005-01-13 18:00:00,"18,40"
2005-01-14 00:00:00,"18,42"
2005-01-14 06:00:00,"18,43"
2005-01-14 12:00:00,"18,44"
2005-01-14 18:00:00,"18,45"
2005-01-15 00:00:00,"18,46"
2005-01-15 06:00:00,"18,53"
2005-01-15 12:00:00,"18,54"
2005-01-15 18:00:00,"18,55"
2005-01-16 00:00:00,"18,56"
2005-01-16 06:00:00,"18,58"
2005-01-16 12:00:00,"18,59"
2005-01-16 18:00:00,"18,60"
2005-01-17 00:00:00,"18,61"
2005-01-17 06:00:00,"18,62"
2005-01-17 12:00:00,"18,66"
2005-01-17 18:00:00,"18,68"
2005-01-18 00:00:00,"18,69"
2005-01-18 06:00:00,"18,70"
2005-01-18 12:00:00,"18,71"
2005-01-18 18:00:00,"18,72"
2005-01-19 00:00:00,"18,75"
2005-01-19 06:00:00,"18,76"
2005-01-19 12:00:00,"18,78"
2005-01-19 18:00:00,"18,79"
2005-01-20 00:00:00,"18,80"
2005-01-20 06:00:00,"18,81"
2005-01-20 12:00:00,"18,82"
2005-01-20 18:00:00,"18,83"
2005-01-21 00:00:00,"18,85"
2005-01-21 06:00:00,"18,86"
2005-01-21 12:00:00,"18,87"
2005-01-21 18:00:00,"18,88"
2005-01-22 00:00:00,"18,89"
2005-01-22 06:00:00,"19,20"
2005-01-22 12:00:00,"19,21"
2005-01-22 18:00:00,"19,22"
2005-01-23 00:00:00,"19,23"
2005-01-23 06:00:00,"19,24"
2005-01-23 12:00:00,"19,25"
2005-01-23 18:00:00,"19,27"
2005-01-24 00:00:00,"19,28"
2005-01-24 06:00:00,"19,29"
2005-01-24 12:00:00,"19,30"
2005-01-24 18:00:00,"19,32"
2005-01-25 00:00:00,"19,35"
2005-01-25 06:00:00,"19,40"
2005-01-25 12:00:00,"19,42"
2005-01-25 18:00:00,"19,43"
2005-01-26 00:00:00,"19,44"
2005-01-26 06:00:00,"19,45"
2005-01-26 12:00:00,"19,46"
2005-01-26 18:00:00,"19,53"
2005-01-27 00:00:00,"19,54"
2005-01-27 06:00:00,"19,55"
2005-01-27 12:00:00,"19,56"
2005-01-27 18:00:00,"19,58"
2005-01-28 00:00:00,"19,59"
2005-01-28 06:00:00,"19,60"
2005-01-28 12:00:00,"19,61"
2005-01-28 18:00:00,"19,62"
2005-01-29 00:00:00,"19,66"
2005-01-29 06:00:00,"19,68"
2005-01-29 12:00:00,"19,69"
2005-01-29 18:00:00,"19,70"
2005-01-30 00:00:00,"19,71"
2005-01-30 06:00:00,"19,72"
2005-01-30 12:00:00,"19,75"
2005-01-30 18:00:00,"19,76"
2005-01-31 00:00:00,"19,79"
2005-01-31 06:00:00,"19,80"
2005-01-31 12:00:00,"19,81"
2005-01-31 18:00:00,"19,82"
2005-02-01 00:00:00,"19,83"
2005-02-01 06:00:00,"19,85"
2005-02-01 12:00:00,"19,86"
2005-02-01 18:00:00,"19,87"
2005-02-02 00:00:00,"19,88"
2005-02-02 06:00:00,"19,89"
2005-02-02 12:00:00,"20,21"
2005-02-02 18:00:00,"20,23"
2005-02-03 00:00:00,"20,24"
2005-02-03 06:00:00,"20,25"
2005-02-03 12:00:00,"20,27"
2005-02-03 18:00:00,"20,28"
2005-02-04 00:00:00,"20,29"
2005-02-04 06:00:00,"20,30"
2005-02-04 12:00:00,"20,32"
2005-02-04 18:00:00,"20,35"
2005-02-05 00:00:00,"20,40"
2005-02-05 06:00:00,"20,42"
2005-02-05 12:00:00,"20,43"
2005-02-05 18:00:00,"20,44"
2005-02-06 00:00:00,"20,45"
2005-02-06 06:00:00,"20,46"
2005-02-06 12:00:00,"20,53"
2005-02-06 18:00:00,"20,54"
2005-02-07 00:00:00,"20,55"
2005-02-07 06:00:00,"20,56"
2005-02-07 12:00:00,"20,58"
2005-02-07 18:00:00,"20,59"
2005-02-08 00:00:00,"20,60"
2005-02-08 06:00:00,"20,61"
2005-02-08 12:00:00,"20,62"
2005-02-08 18:00:00,"20,66"
2005-02-09 00:00:00,"20,68"
2005-02-09 06:00:00,"20,69"
2005-02-09 12:00:00,"20,70"
2005-02-09 18:00:00,"20,71"
2005-02-10 00:00:00,"20,72"
2005-02-10 06:00:00,"20,75"
2005-02-10 12:00:00,"20,76"
2005-02-10 18:00:00,"20,78"
2005-02-11 00:00:00,"20,79"
2005-02-11 06:00:00,"20,80"
2005-02-11 12:00:00,"20,81"
2005-02-11 18:00:00,"20,82"
2005-02-12 00:00:00,"20,83"
2005-02-12 06:00:00,"20,85"
2005-02-12 12:00:00,"20,86"
2005-02-12 18:00:00,"20,87"
2005-02-13 00:00:00,"20,88"
2005-02-13 06:00:00,"20,89"
2005-02-13 12:00:00,"21,22"
2005-02-13 18:00:00,"21,24"
2005-02-14 00:00:00,"21,25"
2005-02-14 06:00:00,"21,27"
2005-02-14 12:00:00,"21,28"
2005-02-14 18:00:00,"21,29"
2005-02-15 00:00:00,"21,30"
2005-02-15 06:00:00,"21,32"
2005-02-15 12:00:00,"21,35"
2005-02-15 18:00:00,"21,40"
2005-02-16 00:00:00,"21,42"
2005-02-16 06:00:00,"21,43"
2005-02-16 12:00:00,"21,44"
2005-02-16 18:00:00,"21,45"
2005-02-17 00:00:00,"21,46"
2005-02-17 06:00:00,"21,53"
2005-02-17 12:00:00,"21,54"
2005-02-17 18:00:00,"21,55"
2005-02-18 00:00:00,"21,56"
2005-02-18 06:00:00,"21,58"
2005-02-18 12:00:00,"21,59"
2005-02-18 18:00:00,"21,60"
2005-02-19 00:00:00,"21,61"
2005-02-19 06:00:00,"21,62"
2005-02-19 12:00:00,"21,66"
2005-02-19 18:00:00,"21,68"
2005-02-20 00:00:00,"21,69"
2005-02-20 06:00:00,"21,70"
2005-02-20 12:00:00,"21,71"
2005-02-20 18:00:00,"21,72"
2005-02-21 00:00:00,"21,75"
2005-02-21 06:00:00,"21,76"
2005-02-21 12:00:00,"21,79"
2005-02-21 18:00:00,"21,80"
2005-02-22 00:00:00,"21,81"
2005-02-22 06:00:00,"21,82"
2005-02-22 12:00:00,"21,83"
2005-02-22 18:00:00,"21,85"
2005-02-23 00:00:00,"21,86"
2005-02-23 06:00:00,"21,87"
2005-02-23 12:00:00,"21,88"
2005-02-23 18:00:00,"21,89"
2005-02-24 00:00:00,"22,31"
2005-02-24 06:00:00,"22,32"
2005-02-24 12:00:00,"22,39"
2005-02-24 18:00:00,"22,40"
2005-02-25 00:00:00,"22,42"
2005-02-25 06:00:00,"22,46"
2005-02-25 12:00:00,"22,55"
2005-02-25 18:00:00,"22,68"
2005-02-26 00:00:00,"22,79"
2005-02-26 06:00:00,"22,85"
2005-02-26 12:00:00,"22,87"
2005-02-26 18:00:00,"23,25"
2005-02-27 00:00:00,"23,27"
2005-02-27 06:00:00,"23,28"
2005-02-27 12:00:00,"23,29"
2005-02-27 18:00:00,"23,32"
2005-02-28 00:00:00,"23,40"
2005-02-28 06:00:00,"23,44"
2005-02-28 12:00:00,"23,46"
2005-02-28 18:00:00,"23,53"
2005-03-01 00:00:00,"23,55"
2005-03-01 06:00:00,"23,59"
2005-03-01 12:00:00,"23,60"
2005-03-01 18:00:00,"23,66"
2005-03-02 00:00:00,"23,68"
2005-03-02 06:00:00,"23,70"
2005-03-02 12:00:00,"23,71"
2005-03-02 18:00:00,"23,72"
2005-03-03 00:00:00,"23,75"
2005-03-03 06:00:00,"23,79"
2005-03-03 12:00:00,"23,81"
2005-03-03 18:00:00,"23,85"
2005-03-04 00:00:00,"23,86"
2005-03-04 06:00:00,"23,87"
2005-03-04 12:00:00,"24,25"
2005-03-04 18:00:00,"24,27"
2005-03-05 00:00:00,"24,28"
2005-03-05 06:00:00,"24,29"
2005-03-05 12:00:00,"24,32"
2005-03-05 18:00:00,"24,35"
2005-03-06 00:00:00,"24,40"
2005-03-06 06:00:00,"24,42"
2005-03-06 12:00:00,"24,43"
2005-03-06 18:00:00,"24,44"
2005-03-07 00:00:00,"24,45"
2005-03-07 06:00:00,"24,46"
2005-03-07 12:00:00,"24,53"
2005-03-07 18:00:00,"24,54"
2005-03-08 00:00:00,"24,55"
2005-03-08 06:00:00,"24,58"
2005-03-08 12:00:00,"24,59"
2005-03-08 18:00:00,"24,60"
2005-03-09 00:00:00,"24,61"
2005-03-09 06:00:00,"24,62"
2005-03-09 12:00:00,"24,66"
2005-03-09 18:00:00,"24,68"
2005-03-10 00:00:00,"24,69"
2005-03-10 06:00:00,"24,70"
2005-03-10 12:00:00,"24,71"
2005-03-10 18:00:00,"24,72"
2005-03-11 00:00:00,"24,75"
2005-03-11 06:00:00,"24,76"
2005-03-11 12:00:00,"24,79"
2005-03-11 18:00:00,"24,81"
2005-03-12 00:00:00,"24,82"
2005-03-12 06:00:00,"24,85"
2005-03-12 12:00:00,"24,86"
2005-03-12 18:00:00,"24,87"
2005-03-13 00:00:00,"24,88"
2005-03-13 06:00:00,"25,26"
2005-03-13 12:00:00,"25,27"
2005-03-13 18:00:00,"25,28"
2005-03-14 00:00:00,"25,29"
2005-03-14 06:00:00,"25,30"
2005-03-14 12:00:00,"25,31"
2005-03-14 18:00:00,"25,32"
2005-03-15 00:00:00,"25,33"
2005-03-15 06:00:00,"25,35"
2005-03-15 12:00:00,"25,36"
2005-03-15 18:00:00,"25,38"
2005-03-16 00:00:00,"25,39"
2005-03-16 06:00:00,"25,40"
2005-03-16 12:00:00,"25,41"
2005-03-16 18:00:00,"25,42"
2005-03-17 00:00:00,"25,43"
2005-03-17 06:00:00,"25,44"
2005-03-17 12:00:00,"25,45"
2005-03-17 18:00:00,"25,46"
2005-03-18 00:00:00,"25,47"
2005-03-18 06:00:00,"25,48"
2005-03-18 12:00:00,"25,49"
2005-03-18 18:00:00,"25,50"
2005-03-19 00:00:00,"25,52"
2005-03-19 06:00:00,"25,53"
2005-03-19 12:00:00,"25,54"
2005-03-19 18:00:00,"25,55"
2005-03-20 00:00:00,"25,56"
2005-03-20 06:00:00,"25,58"
2005-03-20 12:00:00,"25,59"
2005-03-20 18:00:00,"25,60"
2005-03-21 00:00:00,"25,61"
2005-03-21 06:00:00,"25,62"
2005-03-21 12:00:00,"25,63"
2005-03-21 18:00:00,"25,64"
2005-03-22 00:00:00,"25,66"
2005-03-22 06:00:00,"25,67"
2005-03-22 12:00:00,"25,68"
2005-03-22 18:00:00,"25,69"
2005-03-23 00:00:00,"25,70"
2005-03-23 06:00:00,"25,71"
2005-03-23 12:00:00,"25,72"
2005-03-23 18:00:00,"25,73"
2005-03-24 00:00:00,"25,74"
2005-03-24 06:00:00,"25,75"
2005-03-24 12:00:00,"25,76"
2005-03-24 18:00:00,"25,78"
2005-03-25 00:00:00,"25,79"
2005-03-25 06:00:00,"25,80"
2005-03-25 12:00:00,"25,81"
2005-03-25 18:00:00,"25,82"
2005-03-26 00:00:00,"25,83"
2005-03-26 06:00:00,"25,84"
2005-03-26 12:00:00,"25,85"
2005-03-26 18:00:00,"25,86"
2005-03-27 00:00:00,"25,87"
2005-03-27 06:00:00,"25,88"
2005-03-27 12:00:00,"25,89"
2005-03-27 18:00:00,"26,31"
2005-03-28 00:00:00,"26,33"
2005-03-28 06:00:00,"26,36"
2005-03-28 12:00:00,"26,38"
2005-03-28 18:00:00,"26,39"
2005-03-29 00:00:00,"26,41"
2005-03-29 06:00:00,"26,47"
2005-03-29 12:00:00,"26,48"
2005-03-29 18:00:00,"26,49"
2005-03-30 00:00:00,"26,50"
2005-03-30 06:00:00,"26,52"
2005-03-30 12:00:00,"26,59"
2005-03-30 18:00:00,"26,63"
2005-03-31 00:00:00,"26,64"
2005-03-31 06:00:00,"26,67"
2005-03-31 12:00:00,"26,73"
2005-03-31 18:00:00,"26,74"
2005-04-01 00:00:00,"26,78"
2005-04-01 06:00:00,"26,84"
2005-04-01 12:00:00,"27,28"
2005-04-01 18:00:00,"27,29"
2005-04-02 00:00:00,"27,30"
2005-04-02 06:00:00,"27,32"
2005-04-02 12:00:00,"27,35"
2005-04-02 18:00:00,"27,40"
2005-04-03 00:00:00,"27,42"
2005-04-03 06:00:00,"27,43"
2005-04-03 12:00:00,"27,44"
2005-04-03 18:00:00,"27,45"
2005-04-04 00:00:00,"27,46"
2005-04-04 06:00:00,"27,53"
2005-04-04 12:00:00,"27,54"
2005-04-04 18:00:00,"27,55"
2005-04-05 00:00:00,"27,56"
2005-04-05 06:00:00,"27,58"
2005-04-05 12:00:00,"27,59"
2005-04-05 18:00:00,"27,60"
2005-04-06 00:00:00,"27,61"
2005-04-06 06:00:00,"27,62"
2005-04-06 12:00:00,"27,66"
2005-04-06 18:00:00,"27,68"
2005-04-07 00:00:00,"27,69"
2005-04-07 06:00:00,"27,70"
2005-04-07 12:00:00,"27,71"
2005-04-07 18:00:00,"27,72"
2005-04-08 00:00:00,"27,75"
2005-04-08 06:00:00,"27,76"
2005-04-08 12:00:00,"27,79"
2005-04-09 00:00:00,"27,80"
2005-04-09 06:00:00,"27,81"
2005-04-09 12:00:00,"27,82"
2005-04-09 18:00:00,"27,83"
2005-04-10 00:00:00,"27,85"
2005-04-10 06:00:00,"27,86"
2005-04-10 12:00:00,"27,87"
2005-04-10 18:00:00,"27,88"
2005-04-11 00:00:00,"27,89"
2005-04-11 06:00:00,"28,29"
2005-04-11 12:00:00,"28,30"
2005-04-11 18:00:00,"28,32"
2005-04-12 00:00:00,"28,35"
2005-04-12 06:00:00,"28,40"
2005-04-12 12:00:00,"28,42"
2005-04-12 18:00:00,"28,43"
2005-04-13 00:00:00,"28,44"
2005-04-13 06:00:00,"28,45"
2005-04-13 12:00:00,"28,46"
2005-04-13 18:00:00,"28,53"
2005-04-14 00:00:00,"28,54"
2005-04-14 06:00:00,"28,55"
2005-04-14 12:00:00,"28,56"
2005-04-14 18:00:00,"28,58"
2005-04-15 00:00:00,"28,59"
2005-04-15 06:00:00,"28,60"
2005-04-15 12:00:00,"28,61"
2005-04-15 18:00:00,"28,62"
2005-04-16 00:00:00,"28,66"
2005-04-16 06:00:00,"28,68"
2005-04-16 12:00:00,"28,69"
2005-04-16 18:00:00,"28,70"
2005-04-17 06:00:00,"28,71"
2005-04-17 12:00:00,"28,72"
2005-04-17 18:00:00,"28,75"
2005-04-18 00:00:00,"28,76"
2005-04-18 06:00:00,"28,78"
2005-04-18 12:00:00,"28,79"
2005-04-18 18:00:00,"28,80"
2005-04-19 00:00:00,"28,81"
2005-04-19 06:00:00,"28,82"
2005-04-19 12:00:00,"28,83"
2005-04-19 18:00:00,"28,85"
2005-04-20 00:00:00,"28,86"
2005-04-20 06:00:00,"28,87"
2005-04-20 12:00:00,"28,88"
2005-04-20 18:00:00,"28,89"
2005-04-21 00:00:00,"29,30"
2005-04-21 06:00:00,"29,32"
2005-04-21 12:00:00,"29,35"
2005-04-21 18:00:00,"29,40"
2005-04-22 00:00:00,"29,42"
2005-04-22 06:00:00,"29,43"
2005-04-22 12:00:00,"29,44"
2005-04-22 18:00:00,"29,45"
2005-04-23 06:00:00,"29,46"
2005-04-23 12:00:00,"29,53"
2005-04-23 18:00:00,"29,54"
2005-04-24 00:00:00,"29,55"
2005-04-24 06:00:00,"29,56"
2005-04-24 12:00:00,"29,58"
2005-04-24 18:00:00,"29,59"
2005-04-25 00:00:00,"29,60"
2005-04-25 06:00:00,"29,61"
2005-04-25 12:00:00,"29,62"
2005-04-25 18:00:00,"29,66"
2005-04-26 00:00:00,"29,68"
2005-04-26 06:00:00,"29,69"
2005-04-26 12:00:00,"29,70"
2005-04-26 18:00:00,"29,71"
2005-04-27 00:00:00,"29,72"
2005-04-27 06:00:00,"29,75"
2005-04-27 12:00:00,"29,76"
2005-04-27 18:00:00,"29,78"
2005-04-28 00:00:00,"29,79"
2005-04-28 06:00:00,"29,80"
2005-04-28 12:00:00,"29,81"
2005-04-28 18:00:00,"29,82"
2005-04-29 00:00:00,"29,83"
2005-04-29 06:00:00,"29,85"
2005-04-29 12:00:00,"29,86"
2005-04-29 18:00:00,"29,87"
2005-04-30 00:00:00,"29,88"
2005-04-30 06:00:00,"29,89"
2005-04-30 12:00:00,"30,32"
2005-04-30 18:00:00,"30,35"
2005-05-01 00:00:00,"30,40"
2005-05-01 06:00:00,"30,42"
2005-05-01 12:00:00,"30,43"
2005-05-01 18:00:00,"30,44"
2005-05-02 00:00:00,"30,45"
2005-05-02 06:00:00,"30,53"
2005-05-02 12:00:00,"30,54"
2005-05-02 18:00:00,"30,55"
2005-05-03 00:00:00,"30,56"
2005-05-03 06:00:00,"30,58"
2005-05-03 12:00:00,"30,59"
2005-05-03 18:00:00,"30,60"
2005-05-04 00:00:00,"30,61"
2005-05-04 06:00:00,"30,62"
2005-05-04 12:00:00,"30,66"
2005-05-04 18:00:00,"30,68"
2005-05-05 00:00:00,"30,69"
2005-05-05 06:00:00,"30,71"
2005-05-05 12:00:00,"30,75"
2005-05-05 18:00:00,"30,76"
2005-05-06 00:00:00,"30,78"
2005-05-06 06:00:00,"30,79"
2005-05-06 12:00:00,"30,80"
2005-05-07 06:00:00,"30,81"
2005-05-07 12:00:00,"30,82"
2005-05-08 12:00:00,"30,83"
2005-05-08 18:00:00,"30,85"
2005-05-09 00:00:00,"30,86"
2005-05-09 06:00:00,"30,87"
2005-05-09 12:00:00,"30,88"
2005-05-09 18:00:00,"30,89"
2005-05-10 00:00:00,"31,33"
2005-05-10 06:00:00,"31,36"
2005-05-10 12:00:00,"31,38"
2005-05-10 18:00:00,"31,39"
2005-05-11 00:00:00,"31,41"
2005-05-11 06:00:00,"31,47"
2005-05-11 12:00:00,"31,48"
2005-05-11 18:00:00,"31,49"
2005-05-12 00:00:00,"31,50"
2005-05-12 06:00:00,"31,52"
2005-05-12 12:00:00,"31,59"
2005-05-13 00:00:00,"31,63"
2005-05-13 06:00:00,"31,64"
2005-05-13 12:00:00,"31,67"
2005-05-13 18:00:00,"31,73"
2005-05-14 00:00:00,"31,74"
2005-05-14 06:00:00,"31,78"
2005-05-14 18:00:00,"31,83"
2005-05-15 00:00:00,"31,84"
2005-05-15 06:00:00,"32,35"
2005-05-15 12:00:00,"32,40"
2005-05-15 18:00:00,"32,42"
2005-05-16 00:00:00,"32,43"
2005-05-16 06:00:00,"32,44"
2005-05-16 12:00:00,"32,45"
2005-05-16 18:00:00,"32,46"
2005-05-17 00:00:00,"32,53"
2005-05-17 12:00:00,"32,54"
2005-05-18 00:00:00,"32,55"
2005-05-18 06:00:00,"32,56"
2005-05-18 12:00:00,"32,58"
2005-05-19 00:00:00,"32,59"
2005-05-19 12:00:00,"32,60"
2005-05-20 00:00:00,"32,61"
2005-05-20 06:00:00,"32,62"
2005-05-21 06:00:00,"32,66"
2005-05-21 12:00:00,"32,68"
2005-05-22 12:00:00,"32,69"
2005-05-23 06:00:00,"32,70"
2005-05-23 12:00:00,"32,71"
2005-05-24 06:00:00,"32,72"
2005-05-24 12:00:00,"32,75"
2005-05-25 06:00:00,"32,76"
2005-05-25 12:00:00,"32,79"
2005-05-25 18:00:00,"32,80"
2005-05-26 00:00:00,"32,81"
2005-05-26 06:00:00,"32,82"
2005-05-27 06:00:00,"32,83"
2005-05-27 12:00:00,"32,85"
2005-05-28 06:00:00,"32,86"
2005-05-29 06:00:00,"32,87"
2005-05-30 18:00:00,"32,88"
2005-05-31 00:00:00,"32,89"
2005-05-31 12:00:00,"33,36"
2005-05-31 18:00:00,"33,38"
2005-06-01 00:00:00,"33,39"
2005-06-01 06:00:00,"33,41"
2005-06-01 12:00:00,"33,47"
2005-06-01 18:00:00,"33,48"
2005-06-02 00:00:00,"33,49"
2005-06-02 06:00:00,"33,50"
2005-06-02 12:00:00,"33,52"
2005-06-02 18:00:00,"33,59"
2005-06-03 06:00:00,"33,60"
2005-06-03 12:00:00,"33,63"
2005-06-03 18:00:00,"33,64"
2005-06-04 00:00:00,"33,73"
2005-06-04 06:00:00,"33,74"
2005-06-05 12:00:00,"33,78"
2005-06-05 18:00:00,"33,83"
2005-06-06 00:00:00,"33,84"
2005-06-06 06:00:00,"35,40"
2005-06-06 12:00:00,"35,42"
2005-06-06 18:00:00,"35,43"
2005-06-07 00:00:00,"35,44"
2005-06-07 06:00:00,"35,45"
2005-06-07 12:00:00,"35,46"
2005-06-07 18:00:00,"35,53"
2005-06-08 00:00:00,"35,54"
2005-06-08 06:00:00,"35,55"
2005-06-08 12:00:00,"35,56"
2005-06-09 00:00:00,"35,58"
2005-06-09 06:00:00,"35,59"
2005-06-09 12:00:00,"35,60"
2005-06-09 18:00:00,"35,61"
2005-06-10 00:00:00,"35,62"
2005-06-10 06:00:00,"35,66"
2005-06-10 12:00:00,"35,68"
2005-06-10 18:00:00,"35,69"
2005-06-11 00:00:00,"35,71"
2005-06-11 06:00:00,"35,72"
2005-06-11 12:00:00,"35,75"
2005-06-11 18:00:00,"35,76"
2005-06-12 00:00:00,"35,79"
2005-06-12 06:00:00,"35,80"
2005-06-12 12:00:00,"35,81"
2005-06-13 00:00:00,"35,82"
2005-06-13 06:00:00,"35,83"
2005-06-14 06:00:00,"35,85"
2005-06-14 12:00:00,"35,86"
2005-06-15 00:00:00,"35,87"
2005-06-15 18:00:00,"35,88"
2005-06-16 00:00:00,"36,38"
2005-06-16 12:00:00,"36,39"
2005-06-16 18:00:00,"36,41"
2005-06-17 00:00:00,"36,47"
2005-06-17 06:00:00,"36,48"
2005-06-17 12:00:00,"36,49"
2005-06-17 18:00:00,"36,50"
2005-06-18 00:00:00,"36,52"
2005-06-18 06:00:00,"36,59"
2005-06-18 12:00:00,"36,63"
2005-06-18 18:00:00,"36,64"
2005-06-19 06:00:00,"36,73"
2005-06-19 12:00:00,"36,74"
2005-06-19 18:00:00,"36,78"
2005-06-20 00:00:00,"36,84"
2005-06-20 06:00:00,"38,39"
2005-06-20 12:00:00,"38,41"
2005-06-20 18:00:00,"38,47"
2005-06-21 12:00:00,"38,48"
,"38,49"
,"38,50"
,"38,52"
,"38,59"
,"38,63"
,"38,64"
,"38,67"
,"38,73"
,"38,74"
,"38,78"
,"38,84"
,"39,41"
,"39,42"
,"39,47"
,"39,48"
,"39,49"
,"39,50"
,"39,52"
,"39,59"
,"39,63"
,"39,64"
,"39,67"
,"39,73"
,"39,74"
,"39,78"
,"39,83"
,"39,84"
,"4,10"
,"4,11"
,"4,12"
,"4,13"
,"4,14"
,"4,15"
,"4,16"
,"4,17"
,"4,18"
,"4,19"
,"4,20"
,"4,21"
,"4,23"
,"4,24"
,"4,25"
,"4,27"
,"4,28"
,"4,29"
,"4,30"
,"4,32"
,"4,35"
,"4,40"
,"4,42"
,"4,43"
,"4,44"
,"4,45"
,"4,46"
,"4,5"
,"4,53"
,"4,54"
,"4,55"
,"4,56"
,"4,58"
,"4,59"
,"4,6"
,"4,60"
,"4,61"
,"4,62"
,"4,66"
,"4,68"
,"4,69"
,"4,7"
,"4,70"
,"4,71"
,"4,72"
,"4,75"
,"4,76"
,"4,79"
,"4,8"
,"4,80"
,"4,81"
,"4,82"
,"4,83"
,"4,85"
,"4,86"
,"4,87"
,"4,88"
,"4,89"
,"4,9"
,"40,42"
,"40,43"
,"40,44"
,"40,45"
,"40,46"
,"40,53"
,"40,54"
,"40,55"
,"40,56"
,"40,58"
,"40,59"
,"40,60"
,"40,61"
,"40,62"
,"40,66"
,"40,68"
,"40,69"
,"40,70"
,"40,71"
,"40,72"
,"40,75"
,"40,76"
,"40,78"
,"40,79"
,"40,80"
,"40,81"
,"40,82"
,"40,83"
,"40,85"
,"40,86"
,"40,87"
,"40,88"
,"41,47"
,"41,48"
,"41,49"
,"41,50"
,"41,52"
,"41,59"
,"41,63"
,"41,64"
,"41,73"
,"41,74"
,"41,78"
,"41,84"
,"42,43"
,"42,44"
,"42,45"
,"42,46"
,"42,53"
,"42,54"
,"42,55"
,"42,56"
,"42,58"
,"42,59"
,"42,60"
,"42,61"
,"42,62"
,"42,66"
,"42,67"
,"42,68"
,"42,69"
,"42,71"
,"42,72"
,"42,75"
,"42,76"
,"42,79"
,"42,80"
,"42,81"
,"42,82"
,"42,83"
,"42,85"
,"42,86"
,"42,87"
,"42,88"
,"43,44"
,"43,45"
,"43,46"
,"43,53"
,"43,54"
,"43,55"
,"43,56"
,"43,58"
,"43,59"
,"43,60"
,"43,61"
,"43,62"
,"43,66"
,"43,68"
,"43,69"
,"43,71"
,"43,72"
,"43,75"
,"43,76"
,"43,79"
,"43,80"
,"43,81"
,"43,82"
,"43,83"
,"43,85"
,"43,86"
,"43,87"
,"43,88"
,"44,45"
,"44,46"
,"44,53"
,"44,54"
,"44,55"
,"44,56"
,"44,58"
,"44,59"
,"44,60"
,"44,61"
,"44,62"
,"44,66"
,"44,68"
,"44,69"
,"44,70"
,"44,71"
,"44,72"
,"44,75"
,"44,76"
,"44,79"
,"44,80"
,"44,81"
,"44,82"
,"44,83"
,"44,85"
,"44,86"
,"44,87"
,"44,88"
,"45,46"
,"45,53"
,"45,54"
,"45,55"
,"45,56"
,"45,58"
,"45,59"
,"45,60"
,"45,61"
,"45,62"
,"45,66"
,"45,68"
,"45,69"
,"45,70"
,"45,71"
,"45,72"
,"45,75"
,"45,76"
,"45,78"
,"45,79"
,"45,80"
,"45,81"
,"45,82"
,"45,83"
,"45,85"
,"45,86"
,"45,87"
,"45,88"
,"45,89"
,"46,53"
,"46,54"
,"46,55"
,"46,58"
,"46,59"
,"46,60"
,"46,61"
,"46,62"
,"46,66"
,"46,68"
,"46,69"
,"46,70"
,"46,71"
,"46,72"
,"46,75"
,"46,76"
,"46,79"
,"46,81"
,"46,82"
,"46,83"
,"46,85"
,"46,86"
,"46,87"
,"46,88"
,"47,48"
,"47,49"
,"47,50"
,"47,52"
,"47,59"
,"47,63"
,"47,64"
,"47,73"
,"47,74"
,"47,78"
,"47,83"
,"47,84"
,"48,49"
,"48,50"
,"48,52"
,"48,59"
,"48,63"
,"48,64"
,"48,67"
,"48,73"
,"48,74"
,"48,78"
,"48,84"
,"49,50"
,"49,52"
,"49,59"
,"49,63"
,"49,64"
,"49,73"
,"49,74"
,"49,78"
,"49,84"
,"5,10"
,"5,11"
,"5,12"
,"5,13"
,"5,14"
,"5,15"
,"5,16"
,"5,17"
,"5,18"
,"5,19"
,"5,20"
,"5,21"
,"5,22"
,"5,23"
,"5,24"
,"5,25"
,"5,27"
,"5,28"
,"5,29"
,"5,30"
,"5,32"
,"5,35"
,"5,40"
,"5,42"
,"5,43"
,"5,44"
,"5,45"
,"5,46"
,"5,53"
,"5,54"
,"5,55"
,"5,56"
,"5,58"
,"5,59"
,"5,6"
,"5,60"
,"5,61"
,"5,62"
,"5,66"
,"5,68"
,"5,69"
,"5,7"
,"5,70"
,"5,71"
,"5,72"
,"5,75"
,"5,76"
,"5,78"
,"5,79"
,"5,8"
,"5,80"
,"5,81"
,"5,82"
,"5,83"
,"5,85"
,"5,86"
,"5,87"
,"5,88"
,"5,89"
,"5,9"
,"50,52"
,"50,59"
,"50,63"
,"50,64"
,"50,67"
,"50,73"
,"50,74"
,"50,78"
,"50,84"
,"52,59"
,"52,63"
,"52,64"
,"52,73"
,"52,74"
,"52,78"
,"52,84"
,"53,54"
,"53,55"
,"53,56"
,"53,58"
,"53,59"
,"53,60"
,"53,61"
,"53,62"
,"53,66"
,"53,68"
,"53,69"
,"53,70"
,"53,71"
,"53,72"
,"53,75"
,"53,76"
,"53,79"
,"53,80"
,"53,81"
,"53,82"
,"53,83"
,"53,85"
,"53,86"
,"53,87"
,"53,88"
,"54,55"
,"54,56"
,"54,58"
,"54,59"
,"54,60"
,"54,61"
,"54,62"
,"54,66"
,"54,68"
,"54,69"
,"54,71"
,"54,72"
,"54,75"
,"54,76"
,"54,78"
,"54,79"
,"54,80"
,"54,81"
,"54,82"
,"54,83"
,"54,85"
,"54,86"
,"54,87"
,"54,88"
,"54,89"
,"55,56"
,"55,58"
,"55,59"
,"55,60"
,"55,61"
,"55,62"
,"55,66"
,"55,68"
,"55,69"
,"55,70"
,"55,71"
,"55,72"
,"55,75"
,"55,76"
,"55,79"
,"55,80"
,"55,81"
,"55,82"
,"55,83"
,"55,85"
,"55,86"
,"55,87"
,"55,88"
,"56,58"
,"56,59"
,"56,60"
,"56,61"
,"56,62"
,"56,66"
,"56,68"
,"56,69"
,"56,71"
,"56,72"
,"56,75"
,"56,76"
,"56,78"
,"56,79"
,"56,80"
,"56,81"
,"56,82"
,"56,83"
,"56,85"
,"56,86"
,"56,87"
,"56,88"
,"56,89"
,"58,59"
,"58,60"
,"58,61"
,"58,62"
,"58,66"
,"58,68"
,"58,69"
,"58,70"
,"58,71"
,"58,72"
,"58,75"
,"58,76"
,"58,79"
,"58,80"
,"58,81"
,"58,82"
,"58,83"
,"58,85"
,"58,86"
,"58,87"
,"58,88"
,"59,60"
,"59,61"
,"59,62"
,"59,63"
,"59,64"
,"59,66"
,"59,68"
,"59,69"
,"59,70"
,"59,71"
,"59,72"
,"59,73"
,"59,74"
,"59,75"
,"59,76"
,"59,78"
,"59,79"
,"59,80"
,"59,81"
,"59,82"
,"59,84"
,"59,85"
,"59,86"
,"59,87"
,"59,88"
,"6,10"
,"6,11"
,"6,12"
,"6,13"
,"6,15"
,"6,16"
,"6,17"
,"6,18"
,"6,19"
,"6,20"
,"6,21"
,"6,22"
,"6,23"
,"6,24"
,"6,25"
,"6,27"
,"6,28"
,"6,29"
,"6,30"
,"6,31"
,"6,32"
,"6,35"
,"6,40"
,"6,42"
,"6,43"
,"6,44"
,"6,45"
,"6,46"
,"6,53"
,"6,54"
,"6,55"
,"6,56"
,"6,58"
,"6,59"
,"6,60"
,"6,61"
,"6,62"
,"6,66"
,"6,68"
,"6,69"
,"6,7"
,"6,70"
,"6,71"
,"6,72"
,"6,75"
,"6,76"
,"6,79"
,"6,8"
,"6,80"
,"6,81"
,"6,82"
,"6,83"
,"6,85"
,"6,86"
,"6,87"
,"6,88"
,"6,89"
,"6,9"
,"60,61"
,"60,62"
,"60,66"
,"60,68"
,"60,69"
,"60,70"
,"60,71"
,"60,72"
,"60,75"
,"60,76"
,"60,78"
,"60,79"
,"60,80"
,"60,81"
,"60,82"
,"60,83"
,"60,85"
,"60,86"
,"60,87"
,"60,88"
,"60,89"
,"61,62"
,"61,66"
,"61,68"
,"61,69"
,"61,71"
,"61,72"
,"61,75"
,"61,76"
,"61,79"
,"61,80"
,"61,81"
,"61,82"
,"61,83"
,"61,85"
,"61,86"
,"61,87"
,"61,88"
,"62,66"
,"62,68"
,"62,69"
,"62,71"
,"62,72"
,"62,75"
,"62,76"
,"62,79"
,"62,80"
,"62,81"
,"62,82"
,"62,83"
,"62,85"
,"62,86"
,"62,87"
,"62,88"
,"63,64"
,"63,73"
,"63,74"
,"63,78"
,"63,83"
,"63,84"
,"64,73"
,"64,74"
,"64,78"
,"64,83"
,"64,84"
,"66,68"
,"66,69"
,"66,70"
,"66,71"
,"66,72"
,"66,75"
,"66,76"
,"66,79"
,"66,80"
,"66,81"
,"66,82"
,"66,83"
,"66,85"
,"66,86"
,"66,87"
,"66,88"
,"67,68"
,"67,69"
,"67,70"
,"67,71"
,"67,72"
,"67,74"
,"67,75"
,"67,76"
,"67,79"
,"67,80"
,"67,81"
,"67,82"
,"67,83"
,"67,85"
,"67,86"
,"67,87"
,"67,88"
,"67,89"
,"68,69"
,"68,70"
,"68,71"
,"68,72"
,"68,75"
,"68,76"
,"68,79"
,"68,80"
,"68,81"
,"68,82"
,"68,83"
,"68,85"
,"68,86"
,"68,87"
,"68,88"
,"69,71"
,"69,72"
,"69,75"
,"69,76"
,"69,79"
,"69,80"
,"69,81"
,"69,82"
,"69,83"
,"69,85"
,"69,86"
,"69,87"
,"69,88"
,"7,10"
,"7,11"
,"7,12"
,"7,13"
,"7,14"
,"7,15"
,"7,16"
,"7,17"
,"7,18"
,"7,19"
,"7,20"
,"7,21"
,"7,25"
,"7,27"
,"7,28"
,"7,29"
,"7,30"
,"7,32"
,"7,35"
,"7,40"
,"7,42"
,"7,43"
,"7,44"
,"7,45"
,"7,53"
,"7,54"
,"7,55"
,"7,56"
,"7,58"
,"7,59"
,"7,60"
,"7,61"
,"7,62"
,"7,66"
,"7,68"
,"7,69"
,"7,71"
,"7,72"
,"7,75"
,"7,76"
,"7,78"
,"7,79"
,"7,8"
,"7,80"
,"7,82"
,"7,83"
,"7,85"
,"7,86"
,"7,87"
,"7,88"
,"7,89"
,"70,71"
,"70,72"
,"70,75"
,"70,76"
,"70,79"
,"70,81"
,"70,85"
,"70,86"
,"70,87"
,"71,72"
,"71,74"
,"71,75"
,"71,76"
,"71,79"
,"71,80"
,"71,81"
,"71,82"
,"71,83"
,"71,85"
,"71,86"
,"71,87"
,"71,88"
,"72,75"
,"72,76"
,"72,79"
,"72,80"
,"72,81"
,"72,82"
,"72,83"
,"72,85"
,"72,86"
,"72,87"
,"72,88"
,"73,74"
,"73,78"
,"73,83"
,"73,84"
,"74,78"
,"74,84"
,"75,76"
,"75,79"
,"75,80"
,"75,81"
,"75,82"
,"75,83"
,"75,85"
,"75,86"
,"75,87"
,"75,88"
,"76,79"
,"76,80"
,"76,81"
,"76,82"
,"76,83"
,"76,85"
,"76,86"
,"76,87"
,"76,88"
,"78,84"
,"78,87"
,"78,88"
,"79,80"
,"79,81"
,"79,82"
,"79,85"
,"79,86"
,"79,87"
,"79,88"
,"8,10"
,"8,11"
,"8,12"
,"8,13"
,"8,14"
,"8,15"
,"8,16"
,"8,17"
,"8,18"
,"8,19"
,"8,20"
,"8,21"
,"8,23"
,"8,24"
,"8,25"
,"8,27"
,"8,28"
,"8,29"
,"8,30"
,"8,32"
,"8,35"
,"8,40"
,"8,42"
,"8,43"
,"8,44"
,"8,45"
,"8,46"
,"8,53"
,"8,54"
,"8,55"
,"8,56"
,"8,58"
,"8,59"
,"8,60"
,"8,61"
,"8,62"
,"8,66"
,"8,68"
,"8,69"
,"8,70"
,"8,71"
,"8,72"
,"8,75"
,"8,76"
,"8,79"
,"8,80"
,"8,81"
,"8,82"
,"8,83"
,"8,85"
,"8,86"
,"8,87"
,"8,88"
,"8,89"
,"8,9"
,"80,81"
,"80,82"
,"80,83"
,"80,85"
,"80,86"
,"80,87"
,"80,88"
,"81,82"
,"81,85"
,"81,86"
,"81,87"
,"81,88"
,"82,83"
,"82,85"
,"82,86"
,"82,87"
,"82,88"
,"83,84"
,"83,85"
,"83,86"
,"83,87"
,"83,88"
,"85,86"
,"85,87"
,"85,88"
,"86,87"
,"86,88"
,"86,89"
,"87,88"
,"88,89"